Workbook

Sheet Registrar Ponto
A1: REGISTRO DE PONTO — DATATEMPO/CP2
A4: IDENTIFICAÇÃO E LANÇAMENTO
A6: Número/ID
A8: Pessoa
A9: Situação atual
A10: Tipo de registro
A12: Projeto
A14: Atividade
A16: Observação
A19: RETORNO | C19: REGISTRO REALIZADO COM SUCESSO. PAINEL LIMPO PARA O PRÓXIMO USUÁRIO.
A22: COMO USAR: selecione o ID, escolha INÍCIO ou FIM, informe o projeto e a atividade padronizados e clique em REGISTRAR. Para encerrar, mantenha o mesmo projeto e a mesma atividade usados no início.

Sheet Cadastro Pessoas
A1: CADASTRO DE PESSOAS
A2: Cadastro expansível para até 100 pessoas. Preencha uma linha vazia da tabela, use ID único e status ATIVO.
A4: ID | B4: Pessoa | C4: Base | D4: R$/h útil | E4: R$/h FDS | F4: R$/diária | G4: Função/Regra | H4: Status
A5: 1001 | B5: Adriana Pereira dos Santos | C5: Hora | D5: 17 | E5: 20 | F5: 0 | G5: Supervisão | H5: ATIVO
A6: 1002 | B6: Alex de Almeida Mariano | C6: Hora | D6: 23.5 | E6: 23.5 | F6: 0 | G6: Analista/Revisor | H6: ATIVO
A7: 1003 | B7: Amanda do Carmo Ribeiro | C7: Hora | D7: 23.5 | E7: 23.5 | F7: 0 | G7: Analista de Pesquisa Júnior | H7: ATIVO
A8: 1004 | B8: Angela Bertoli | C8: Hora | D8: 21.5 | E8: 20 | F8: 0 | G8: Coordenação/Supervisão | H8: ATIVO
A9: 1005 | B9: Carolina Fantini Vidigal Diniz Dias | C9: Hora | D9: 13 | E9: 16.5 | F9: 0 | G9: Assistente de Pesquisa | H9: ATIVO
A10: 1006 | B10: Eliane dos Santos Oliveira | C10: Hora | D10: 14 | E10: 17 | F10: 0 | G10: Checagem | H10: ATIVO
A11: 1007 | B11: Fernanda Lopes | C11: Hora | D11: 23.5 | E11: 23.5 | F11: 0 | G11: Assistente de Pesquisa — confirmar taxa | H11: ATIVO
A12: 1008 | B12: Flávia Reis | C12: Hora | D12: 14 | E12: 17 | F12: 0 | G12: Checagem | H12: ATIVO
A13: 1009 | B13: Junia Maria Santos | C13: Hora | D13: 14 | E13: 17 | F13: 0 | G13: Checagem | H13: ATIVO
A14: 1010 | B14: Nataly Tayê | C14: Hora | D14: 14 | E14: 17 | F14: 0 | G14: Checagem | H14: ATIVO
A15: 1011 | B15: Nathalia Arruda | C15: Hora | D15: 23.5 | E15: 23.5 | F15: 0 | G15: Analista | H15: ATIVO
A16: 1012 | B16: Nelma Lucia dos S. B. Brandão | C16: Diária | D16: 0 | E16: 0 | F16: 222.72 | G16: Apoio/Checagem | H16: ATIVO
... A21: 1017 | B21: Renato Inácio da Silva | C21: Hora | D21: 14 | E21: 17 | F21: 0 | G21: Checagem | H21: ATIVO

Sheet Cadastro Projetos
A1: CADASTRO PADRONIZADO DE PROJETOS
A2: Cadastro expansível para até 150 projetos. Código e nome devem ser únicos; use status ATIVO.
A4: Código | B4: Projeto padronizado | C4: Descrição | D4: Status
A5: PRJ-001 | B5: BC - CONFIANÇA PIX | C5: Banco Central do Brasil | D5: ATIVO
A6: PRJ-002 | B6: CFI / ACCION | C6: MAP II MSE Demand — São Paulo | D6: ATIVO
A7: PRJ-003 | B7: SICOOB CREDICOM | C7: Tracking de Marca | D7: ATIVO
A8: PRJ-004 | B8: OTEMPO | C8: Imagem, percepção e reputação | D8: ATIVO
A9: PRJ-005 | B9: ESTADUAL - OTEMPO | C9: Pesquisas eleitorais e tracking | D9: ATIVO
A10: PRJ-006 | B10: CDL/BH | C10: Pesquisas de levantamento do comércio | D10: ATIVO
A11: PRJ-007 | B11: TOOLKIT | C11: Projetos Toolkit | D11: ATIVO
A12: PRJ-008 | B12: CAMPANHA | C12: Pesquisa Prof. Luiz Felizardo | D12: ATIVO
A13: PRJ-009 | B13: ADMINISTRATIVO | C13: Atividades administrativas internas | D13: ATIVO
A14: PRJ-010 | B14: OUTROS | C14: Usar apenas após autorização | D14: ATIVO
A15: PRJ-011 | B15: BETIM - TRACKING | C15: pesquisa de levantamento eleitoral VM | D15: ATIVO

Sheet Cadastro Atividades
A1: CADASTRO PADRONIZADO DE ATIVIDADES
A2: Cadastro expansível para até 200 atividades. Código e nome devem ser únicos; use status ATIVO.
A4: Código | B4: Atividade padronizada | C4: Descrição | D4: Status
A5: ATV-001 | B5: SUPERVISÃO | C5: Coordenação e supervisão operacional | D5: ATIVO
A6: ATV-002 | B6: CHECAGEM | C6: Checagem e controle de qualidade | D6: ATIVO
A7: ATV-003 | B7: CODIFICAÇÃO | C7: Codificação de respostas | D7: ATIVO
A8: ATV-004 | B8: ANÁLISE | C8: Análise estatística ou qualitativa | D8: ATIVO
A9: ATV-005 | B9: RECRUTAMENTO | C9: Recrutamento de participantes | D9: ATIVO
A10: ATV-006 | B10: APLICAÇÃO / ENTREVISTA | C10: Aplicação de questionários ou entrevistas | D10: ATIVO
A11: ATV-007 | B11: TRATAMENTO DE DADOS | C11: Limpeza, crítica, harmonização ou ETL | D11: ATIVO
A12: ATV-008 | B12: RELATÓRIO | C12: Redação, revisão ou apresentação de resultados | D12: ATIVO
A13: ATV-009 | B13: ADMINISTRATIVO | C13: Rotinas administrativas e financeiras | D13: ATIVO
A14: ATV-010 | B14: APOIO OPERACIONAL | C14: Apoio geral à operação | D14: ATIVO
A15: ATV-011 | B15: TRANSCRIÇÃO | C15: Transcrição de Entrevistas e Grupos de Discussão | D15: ATIVO
A16: ATV-012 | B16: MODERAÇÃO | C16: Moderação de EP e GD | D16: ATIVO

Sheet Batidas
A1: BATIDAS — TRILHA DE AUDITORIA
A2: Cada clique em REGISTRAR gera uma batida imutável nesta tabela.
A4: Batida ID | B4: Data e hora | C4: Data | D4: Dia da semana | E4: ID | F4: Pessoa | G4: Tipo | H4: Projeto | I4: Atividade | J4: Observação | K4: Origem
A6: B20260825152719-1001 | B6: 46259.644 | C6: 46259 | D6: TERÇA-FEIRA | E6: 1001 | F6: Adriana Pereira dos Santos | G6: INÍCIO | H6: SICOOB CREDICOM | I6: SUPERVISÃO | K6: SharePoint / Office Script
A7: B20260825153010-1001 | B7: 46259.646 | C7: 46259 | D7: TERÇA-FEIRA | E7: 1001 | F7: Adriana Pereira dos Santos | G7: FIM | H7: SICOOB CREDICOM | I7: SUPERVISÃO | J7: supervisão e checagem | K7: SharePoint / Office Script
A8: B20260825161730-1015 | B8: 46259.679 | C8: 46259 | D8: TERÇA-FEIRA | E8: 1015 | F8: Vitor Guilherme Miguel Rocha | G8: INÍCIO | H8: ADMINISTRATIVO | I8: ADMINISTRATIVO | K8: SharePoint / Office Script
A9: B20260825161753-1015 | B9: 46259.679 | C9: 46259 | D9: TERÇA-FEIRA | E9: 1015 | F9: Vitor Guilherme Miguel Rocha | G9: INÍCIO | H9: ADMINISTRATIVO | I9: ADMINISTRATIVO | K9: SharePoint / Office Script
A10: B20260825161841-1015 | B10: 46259.68 | C10: 46259 | D10: TERÇA-FEIRA | E10: 1015 | F10: Vitor Guilherme Miguel Rocha | G10: INÍCIO | H10: ADMINISTRATIVO | I10: ADMINISTRATIVO | K10: SharePoint / Office Script
A11: B20260825161948-1015 | B11: 46259.68 | C11: 46259 | D11: TERÇA-FEIRA | E11: 1015 | F11: Vitor Guilherme Miguel Rocha | G11: INÍCIO | H11: ADMINISTRATIVO | I11: ADMINISTRATIVO | K11: SharePoint / Office Script
A12: B20260825162022-1015 | B12: 46259.681 | C12: 46259 | D12: TERÇA-FEIRA | E12: 1015 | F12: Vitor Guilherme Miguel Rocha | G12: INÍCIO | H12: ADMINISTRATIVO | I12: ADMINISTRATIVO | K12: SharePoint / Office Script
A13: B20260825162049-1015 | B13: 46259.681 | C13: 46259 | D13: TERÇA-FEIRA | E13: 1015 | F13: Vitor Guilherme Miguel Rocha | G13: FIM | H13: ADMINISTRATIVO | I13: ADMINISTRATIVO | K13: SharePoint / Office Script
A14: B20260825162622-1001 | B14: 46259.685 | C14: 46259 | D14: TERÇA-FEIRA | E14: 1001 | F14: Adriana Pereira dos Santos | G14: INÍCIO | H14: ESTADUAL - OTEMPO | I14: CHECAGEM | K14: SharePoint / Office Script
A15: B20260825162659-1001 | B15: 46259.685 | C15: 46259 | D15: TERÇA-FEIRA | E15: 1001 | F15: Adriana Pereira dos Santos | G15: FIM | H15: ESTADUAL - OTEMPO | I15: CHECAGEM | K15: SharePoint / Office Script
A16: B20260825170543-1015 | B16: 46259.712 | C16: 46259 | D16: TERÇA-FEIRA | E16: 1015 | F16: Vitor Guilherme Miguel Rocha | G16: INÍCIO | H16: ADMINISTRATIVO | I16: ADMINISTRATIVO | K16: SharePoint / Office Script
A17: B20260825175354-1015 | B17: 46259.746 | C17: 46259 | D17: TERÇA-FEIRA | E17: 1015 | F17: Vitor Guilherme Miguel Rocha | G17: FIM | H17: ADMINISTRATIVO | I17: ADMINISTRATIVO | K17: SharePoint / Office Script
A18: B20260826075539-1011 | B18: 46260.33 | C18: 46260 | D18: QUARTA-FEIRA | E18: 1011 | F18: Nathalia Arruda | G18: INÍCIO | H18: ESTADUAL - OTEMPO | I18: ANÁLISE | J18: Preparação dos materias para campo | K18: SharePoint / Office Script
A19: B20260826080734-1003 | B19: 46260.339 | C19: 46260 | D19: QUARTA-FEIRA | E19: 1003 | F19: Amanda do Carmo Ribeiro | G19: INÍCIO | H19: OTEMPO | I19: ANÁLISE | K19: SharePoint / Office Script
A20: B20260826081141-1013 | B20: 46260.341 | C20: 46260 | D20: QUARTA-FEIRA | E20: 1013 | F20: Rafaela Maria Resende Lara | G20: INÍCIO | H20: BC - CONFIANÇA PIX | I20: ANÁLISE | K20: SharePoint / Office Script
A21: B20260826085132-1015 | B21: 46260.369 | C21: 46260 | D21: QUARTA-FEIRA | E21: 1015 | F21: Vitor Guilherme Miguel Rocha | G21: INÍCIO | H21: ADMINISTRATIVO | I21: ADMINISTRATIVO | K21: SharePoint / Office Script
A22: B20260826085335-1002 | B22: 46260.371 | C22: 46260 | D22: QUARTA-FEIRA | E22: 1002 | F22: Alex de Almeida Mariano | G22: INÍCIO | H22: CFI / ACCION | I22: ANÁLISE | K22: SharePoint / Office Script
A23: B20260826090744-1016 | B23: 46260.38 | C23: 46260 | D23: QUARTA-FEIRA | E23: 1016 | F23: Ana Luisa Nardin | G23: INÍCIO | H23: CFI / ACCION | I23: ANÁLISE | K23: SharePoint / Office Script
A24: B20260826093319-1001 | B24: 46260.398 | C24: 46260 | D24: QUARTA-FEIRA | E24: 1001 | F24: Adriana Pereira dos Santos | G24: INÍCIO | H24: TOOLKIT | I24: SUPERVISÃO | J24: ESTOU NA SUPERVISÃO DO SICOOB CREDICOM TAMÉM | K24: SharePoint / Office Script
A25: B20260826095033-1014 | B25: 46260.41 | C25: 46260 | D25: QUARTA-FEIRA | E25: 1014 | F25: Robert Filipe Orlando de Souza | G25: INÍCIO | H25: OTEMPO | I25: TRANSCRIÇÃO | K25: SharePoint / Office Script
A26: B20260826102453-1012 | B26: 46260.434 | C26: 46260 | D26: QUARTA-FEIRA | E26: 1012 | F26: Nelma Lucia dos S. B. Brandão | G26: FIM | H26: OTEMPO | I26: APLICAÇÃO / ENTREVISTA | J26: Finalizei o teste encaminhei as observações | K26: SharePoint / Office Script
A27: B20260826102513-1012 | B27: 46260.434 | C27: 46260 | D27: QUARTA-FEIRA | E27: 1012 | F27: Nelma Lucia dos S. B. Brandão | G27: FIM | H27: OTEMPO | I27: APLICAÇÃO / ENTREVISTA | J27: Finalizei o teste encaminhei as observações | K27: SharePoint / Office Script
A28: B20260826102558-1012 | B28: 46260.435 | C28: 46260 | D28: QUARTA-FEIRA | E28: 1012 | F28: Nelma Lucia dos S. B. Brandão | G28: FIM | H28: OTEMPO | I28: APLICAÇÃO / ENTREVISTA | J28: Finalizei o teste encaminhei as observações | K28: SharePoint / Office Script
A29: B20260826102955-1012 | B29: 46260.437 | C29: 46260 | D29: QUARTA-FEIRA | E29: 1012 | F29: Nelma Lucia dos S. B. Brandão | G29: FIM | H29: OTEMPO | I29: APLICAÇÃO / ENTREVISTA | J29: Finalizei o teste encaminhei as observações | K29: SharePoint / Office Script
A30: B20260826103220-1012 | B30: 46260.439 | C30: 46260 | D30: QUARTA-FEIRA | E30: 1012 | F30: Nelma Lucia dos S. B. Brandão | G30: INÍCIO | H30: SICOOB CREDICOM | I30: CHECAGEM | K30: SharePoint / Office Script
A31: B20260826115043-1013 | B31: 46260.494 | C31: 46260 | D31: QUARTA-FEIRA | E31: 1013 | F31: Rafaela Maria Resende Lara | G31: FIM | H31: BC - CONFIANÇA PIX | I31: ANÁLISE | K31: SharePoint / Office Script
A32: B20260826115321-1003 | B32: 46260.495 | C32: 46260 | D32: QUARTA-FEIRA | E32: 1003 | F32: Amanda do Carmo Ribeiro | G32: FIM | H32: OTEMPO | I32: ANÁLISE | K32: SharePoint / Office Script
A33: B20260826120410-1004 | B33: 46260.503 | C33: 46260 | D33: QUARTA-FEIRA | E33: 1004 | F33: Angela Bertoli | G33: INÍCIO | H33: SICOOB CREDICOM | I33: CODIFICAÇÃO | J33: Controle das entrevistas por link e pagamento da bonificação dos médicos | K33: SharePoint / Office Script
A34: B20260826120943-1011 | B34: 46260.507 | C34: 46260 | D34: QUARTA-FEIRA | E34: 1011 | F34: Nathalia Arruda | G34: FIM | H34: ESTADUAL - OTEMPO | I34: ANÁLISE | J34: ajustes de materiais | K34: SharePoint / Office Script
A35: B20260826123026-1016 | B35: 46260.521 | C35: 46260 | D35: QUARTA-FEIRA | E35: 1016 | F35: Ana Luisa Nardin | G35: FIM | H35: CFI / ACCION | I35: ANÁLISE | K35: SharePoint / Office Script
A36: B20260826123837-1012 | B36: 46260.527 | C36: 46260 | D36: QUARTA-FEIRA | E36: 1012 | F36: Nelma Lucia dos S. B. Brandão | G36: FIM | H36: SICOOB CREDICOM | I36: CHECAGEM | K36: SharePoint / Office Script
A37: B20260826123934-1014 | B37: 46260.527 | C37: 46260 | D37: QUARTA-FEIRA | E37: 1014 | F37: Robert Filipe Orlando de Souza | G37: FIM | H37: OTEMPO | I37: TRANSCRIÇÃO | K37: SharePoint / Office Script
A38: B20260826124010-1011 | B38: 46260.528 | C38: 46260 | D38: QUARTA-FEIRA | E38: 1011 | F38: Nathalia Arruda | G38: INÍCIO | H38: OTEMPO | I38: ANÁLISE | J38: revisão questionario | K38: SharePoint / Office Script
A39: B20260826124602-1003 | B39: 46260.532 | C39: 46260 | D39: QUARTA-FEIRA | E39: 1003 | F39: Amanda do Carmo Ribeiro | G39: INÍCIO | H39: OTEMPO | I39: ANÁLISE | K39: SharePoint / Office Script
A40: B20260826124635-1013 | B40: 46260.532 | C40: 46260 | D40: QUARTA-FEIRA | E40: 1013 | F40: Rafaela Maria Resende Lara | G40: INÍCIO | H40: OTEMPO | I40: ANÁLISE | K40: SharePoint / Office Script
A41: B20260826130346-1015 | B41: 46260.544 | C41: 46260 | D41: QUARTA-FEIRA | E41: 1015 | F41: Vitor Guilherme Miguel Rocha | G41: FIM | H41: ADMINISTRATIVO | I41: ADMINISTRATIVO | K41: SharePoint / Office Script
A42: B20260826132605-1016 | B42: 46260.56 | C42: 46260 | D42: QUARTA-FEIRA | E42: 1016 | F42: Ana Luisa Nardin | G42: INÍCIO | H42: CFI / ACCION | I42: ANÁLISE | K42: SharePoint / Office Script
A43: B20260826133905-1004 | B43: 46260.569 | C43: 46260 | D43: QUARTA-FEIRA | E43: 1004 | F43: Angela Bertoli | G43: FIM | H43: SICOOB CREDICOM | I43: CODIFICAÇÃO | J43: Codificação e controle dos pix | K43: SharePoint / Office Script
A44: B20260826134239-1012 | B44: 46260.571 | C44: 46260 | D44: QUARTA-FEIRA | E44: 1012 | F44: Nelma Lucia dos S. B. Brandão | G44: INÍCIO | H44: TOOLKIT | I44: CHECAGEM | K44: SharePoint / Office Script
A45: B20260826134356-1014 | B45: 46260.572 | C45: 46260 | D45: QUARTA-FEIRA | E45: 1014 | F45: Robert Filipe Orlando de Souza | G45: INÍCIO | H45: OTEMPO | I45: TRANSCRIÇÃO | K45: SharePoint / Office Script
A46: B20260826140218-1015 | B46: 46260.585 | C46: 46260 | D46: QUARTA-FEIRA | E46: 1015 | F46: Vitor Guilherme Miguel Rocha | G46: INÍCIO | H46: ADMINISTRATIVO | I46: ADMINISTRATIVO | K46: SharePoint / Office Script
A47: B20260826143112-1001 | B47: 46260.605 | C47: 46260 | D47: QUARTA-FEIRA | E47: 1001 | F47: Adriana Pereira dos Santos | G47: FIM | H47: TOOLKIT | I47: SUPERVISÃO | J47: SUPERVISAÕ SICOOB TAMBE´M | K47: SharePoint / Office Script
A48: B20260826150208-1001 | B48: 46260.626 | C48: 46260 | D48: QUARTA-FEIRA | E48: 1001 | F48: Adriana Pereira dos Santos | G48: INÍCIO | H48: TOOLKIT | I48: SUPERVISÃO | J48: SUPERVISÃO SICCOB | K48: SharePoint / Office Script
A49: B20260826151516-1006 | B49: 46260.636 | C49: 46260 | D49: QUARTA-FEIRA | E49: 1006 | F49: Eliane dos Santos Oliveira | G49: INÍCIO | H49: TOOLKIT | I49: CHECAGEM | K49: SharePoint / Office Script
A50: B20260826175038-1015 | B50: 46260.743 | C50: 46260 | D50: QUARTA-FEIRA | E50: 1015 | F50: Vitor Guilherme Miguel Rocha | G50: FIM | H50: ADMINISTRATIVO | I50: ADMINISTRATIVO | K50: SharePoint / Office Script
A51: B20260826175932-1002 | B51: 46260.75 | C51: 46260 | D51: QUARTA-FEIRA | E51: 1002 | F51: Alex de Almeida Mariano | G51: FIM | H51: CFI / ACCION | I51: ANÁLISE | K51: SharePoint / Office Script
A52: B20260826180108-1013 | B52: 46260.751 | C52: 46260 | D52: QUARTA-FEIRA | E52: 1013 | F52: Rafaela Maria Resende Lara | G52: FIM | H52: OTEMPO | I52: ANÁLISE | K52: SharePoint / Office Script
A53: B20260826180239-1003 | B53: 46260.752 | C53: 46260 | D53: QUARTA-FEIRA | E53: 1003 | F53: Amanda do Carmo Ribeiro | G53: FIM | H53: OTEMPO | I53: ANÁLISE | K53: SharePoint / Office Script
A54: B20260826180305-1014 | B54: 46260.752 | C54: 46260 | D54: QUARTA-FEIRA | E54: 1014 | F54: Robert Filipe Orlando de Souza | G54: FIM | H54: OTEMPO | I54: TRANSCRIÇÃO | K54: SharePoint / Office Script
A55: B20260826180407-1011 | B55: 46260.753 | C55: 46260 | D55: QUARTA-FEIRA | E55: 1011 | F55: Nathalia Arruda | G55: FIM | H55: OTEMPO | I55: ANÁLISE | J55: rteste e revisão de questionario | K55: SharePoint / Office Script
A56: B20260826180850-1012 | B56: 46260.756 | C56: 46260 | D56: QUARTA-FEIRA | E56: 1012 | F56: Nelma Lucia dos S. B. Brandão | G56: FIM | H56: SICOOB CREDICOM | I56: CHECAGEM | K56: SharePoint / Office Script
A57: B20260826180858-1012 | B57: 46260.756 | C57: 46260 | D57: QUARTA-FEIRA | E57: 1012 | F57: Nelma Lucia dos S. B. Brandão | G57: FIM | H57: SICOOB CREDICOM | I57: CHECAGEM | K57: SharePoint / Office Script
A58: B20260826180917-1012 | B58: 46260.756 | C58: 46260 | D58: QUARTA-FEIRA | E58: 1012 | F58: Nelma Lucia dos S. B. Brandão | G58: FIM | H58: TOOLKIT | I58: CHECAGEM | K58: SharePoint / Office Script
A59: B20260826185549-1001 | B59: 46260.789 | C59: 46260 | D59: QUARTA-FEIRA | E59: 1001 | F59: Adriana Pereira dos Santos | G59: FIM | H59: TOOLKIT | I59: SUPERVISÃO | J59: SICOOB SUPERVISÃO TAMBÉM | K59: SharePoint / Office Script
A60: B20260826191424-1004 | B60: 46260.802 | C60: 46260 | D60: QUARTA-FEIRA | E60: 1004 | F60: Angela Bertoli | G60: FIM | H60: SICOOB CREDICOM | I60: CODIFICAÇÃO | J60: Codificação Sicoob e Toolkit | K60: SharePoint / Office Script
A61: B20260826191439-1004 | B61: 46260.802 | C61: 46260 | D61: QUARTA-FEIRA | E61: 1004 | F61: Angela Bertoli | G61: FIM | H61: SICOOB CREDICOM | I61: CODIFICAÇÃO | J61: Codificação Sicoob e Toolkit | K61: SharePoint / Office Script
A62: B20260826233046-1006 | B62: 46260.98 | C62: 46260 | D62: QUARTA-FEIRA | E62: 1006 | F62: Eliane dos Santos Oliveira | G62: FIM | H62: TOOLKIT | I62: CHECAGEM | J62: checagem toolkit | K62: SharePoint / Office Script
A63: B20260826233229-1006 | B63: 46260.981 | C63: 46260 | D63: QUARTA-FEIRA | E63: 1006 | F63: Eliane dos Santos Oliveira | G63: INÍCIO | H63: TOOLKIT | I63: CHECAGEM | J63: inicio da checagem iniciou as15:15 mas parece que nao resgitrou | K63: SharePoint / Office Script
A64: B20260827080038-1013 | B64: 46261.334 | C64: 46261 | D64: QUINTA-FEIRA | E64: 1013 | F64: Rafaela Maria Resende Lara | G64: INÍCIO | H64: OTEMPO | I64: ANÁLISE | K64: SharePoint / Office Script
A65: B20260827080506-1003 | B65: 46261.337 | C65: 46261 | D65: QUINTA-FEIRA | E65: 1003 | F65: Amanda do Carmo Ribeiro | G65: INÍCIO | H65: OTEMPO | I65: ANÁLISE | K65: SharePoint / Office Script
A66: B20260827080943-1002 | B66: 46261.34 | C66: 46261 | D66: QUINTA-FEIRA | E66: 1002 | F66: Alex de Almeida Mariano | G66: INÍCIO | H66: CFI / ACCION | I66: ANÁLISE | K66: SharePoint / Office Script
A67: B20260827083241-1001 | B67: 46261.356 | C67: 46261 | D67: QUINTA-FEIRA | E67: 1001 | F67: Adriana Pereira dos Santos | G67: INÍCIO | H67: TOOLKIT | I67: SUPERVISÃO | J67: SUPERVISÃO DO SICCOB | K67: SharePoint / Office Script
A68: B20260827085251-1015 | B68: 46261.37 | C68: 46261 | D68: QUINTA-FEIRA | E68: 1015 | F68: Vitor Guilherme Miguel Rocha | G68: INÍCIO | H68: ADMINISTRATIVO | I68: ADMINISTRATIVO | K68: SharePoint / Office Script
A69: B20260827085347-1011 | B69: 46261.371 | C69: 46261 | D69: QUINTA-FEIRA | E69: 1011 | F69: Nathalia Arruda | G69: INÍCIO | H69: ESTADUAL - OTEMPO | I69: ANÁLISE | J69: preparação de materiais | K69: SharePoint / Office Script
A70: B20260827091115-1004 | B70: 46261.383 | C70: 46261 | D70: QUINTA-FEIRA | E70: 1004 | F70: Angela Bertoli | G70: INÍCIO | H70: SICOOB CREDICOM | I70: CODIFICAÇÃO | J70: Controle dos links e pagamentos dos médicos | K70: SharePoint / Office Script
A71: B20260827094103-1016 | B71: 46261.404 | C71: 46261 | D71: QUINTA-FEIRA | E71: 1016 | F71: Ana Luisa Nardin | G71: INÍCIO | H71: CFI / ACCION | I71: ANÁLISE | K71: SharePoint / Office Script
A72: B20260827094115-1016 | B72: 46261.404 | C72: 46261 | D72: QUINTA-FEIRA | E72: 1016 | F72: Ana Luisa Nardin | G72: INÍCIO | H72: CFI / ACCION | I72: ANÁLISE | K72: SharePoint / Office Script
A73: B20260827094126-1016 | B73: 46261.404 | C73: 46261 | D73: QUINTA-FEIRA | E73: 1016 | F73: Ana Luisa Nardin | G73: INÍCIO | H73: CFI / ACCION | I73: ANÁLISE | K73: SharePoint / Office Script
A74: B20260827094314-1016 | B74: 46261.405 | C74: 46261 | D74: QUINTA-FEIRA | E74: 1016 | F74: Ana Luisa Nardin | G74: INÍCIO | H74: CFI / ACCION | I74: ANÁLISE | K74: SharePoint / Office Script
A75: B20260827094456-1012 | B75: 46261.406 | C75: 46261 | D75: QUINTA-FEIRA | E75: 1012 | F75: Nelma Lucia dos S. B. Brandão | G75: INÍCIO | H75: SICOOB CREDICOM | I75: CHECAGEM | K75: SharePoint / Office Script
A76: B20260827094608-1016 | B76: 46261.407 | C76: 46261 | D76: QUINTA-FEIRA | E76: 1016 | F76: Ana Luisa Nardin | G76: INÍCIO | H76: CFI / ACCION | I76: ANÁLISE | K76: SharePoint / Office Script
A77: B20260827094621-1016 | B77: 46261.407 | C77: 46261 | D77: QUINTA-FEIRA | E77: 1016 | F77: Ana Luisa Nardin | G77: INÍCIO | H77: CFI / ACCION | I77: ANÁLISE | K77: SharePoint / Office Script
A78: B20260827094707-1016 | B78: 46261.408 | C78: 46261 | D78: QUINTA-FEIRA | E78: 1016 | F78: Ana Luisa Nardin | G78: INÍCIO | H78: CFI / ACCION | I78: ANÁLISE | K78: SharePoint / Office Script
A79: B20260827094727-1016 | B79: 46261.408 | C79: 46261 | D79: QUINTA-FEIRA | E79: 1016 | F79: Ana Luisa Nardin | G79: INÍCIO | H79: CFI / ACCION | I79: ANÁLISE | K79: SharePoint / Office Script
A80: B20260827100504-1014 | B80: 46261.42 | C80: 46261 | D80: QUINTA-FEIRA | E80: 1014 | F80: Robert Filipe Orlando de Souza | G80: INÍCIO | H80: OTEMPO | I80: TRANSCRIÇÃO | K80: SharePoint / Office Script
A81: B20260827112248-1012 | B81: 46261.474 | C81: 46261 | D81: QUINTA-FEIRA | E81: 1012 | F81: Nelma Lucia dos S. B. Brandão | G81: FIM | H81: SICOOB CREDICOM | I81: CHECAGEM | K81: SharePoint / Office Script
A82: B20260827112349-1012 | B82: 46261.475 | C82: 46261 | D82: QUINTA-FEIRA | E82: 1012 | F82: Nelma Lucia dos S. B. Brandão | G82: INÍCIO | H82: OTEMPO | I82: APOIO OPERACIONAL | J82: Organização e envio de material de campo para entrevistadores e equipe de checagem. | K82: SharePoint / Office Script
A83: B20260827123624-1016 | B83: 46261.525 | C83: 46261 | D83: QUINTA-FEIRA | E83: 1016 | F83: Ana Luisa Nardin | G83: FIM | H83: CFI / ACCION | I83: ANÁLISE | K83: SharePoint / Office Script
A84: B20260827123905-1006 | B84: 46261.527 | C84: 46261 | D84: QUINTA-FEIRA | E84: 1006 | F84: Eliane dos Santos Oliveira | G84: INÍCIO | H84: TOOLKIT | I84: CHECAGEM | J84: iniciando checagem toolkit | K84: SharePoint / Office Script
A85: B20260827124117-1003 | B85: 46261.529 | C85: 46261 | D85: QUINTA-FEIRA | E85: 1003 | F85: Amanda do Carmo Ribeiro | G85: FIM | H85: SICOOB CREDICOM | I85: ANÁLISE | K85: SharePoint / Office Script
A86: B20260827124816-1014 | B86: 46261.534 | C86: 46261 | D86: QUINTA-FEIRA | E86: 1014 | F86: Robert Filipe Orlando de Souza | G86: FIM | H86: OTEMPO | I86: TRANSCRIÇÃO | K86: SharePoint / Office Script
A87: B20260827125241-1011 | B87: 46261.537 | C87: 46261 | D87: QUINTA-FEIRA | E87: 1011 | F87: Nathalia Arruda | G87: FIM | H87: OTEMPO | I87: ANÁLISE | J87: Revisão de Plano | K87: SharePoint / Office Script
A88: B20260827125531-1015 | B88: 46261.539 | C88: 46261 | D88: QUINTA-FEIRA | E88: 1015 | F88: Vitor Guilherme Miguel Rocha | G88: FIM | H88: ADMINISTRATIVO | I88: ADMINISTRATIVO | K88: SharePoint / Office Script
A89: B20260827130147-1012 | B89: 46261.543 | C89: 46261 | D89: QUINTA-FEIRA | E89: 1012 | F89: Nelma Lucia dos S. B. Brandão | G89: FIM | H89: OTEMPO | I89: APOIO OPERACIONAL | J89: Intervalo para almoço | K89: SharePoint / Office Script
A90: B20260827130950-1004 | B90: 46261.548 | C90: 46261 | D90: QUINTA-FEIRA | E90: 1004 | F90: Angela Bertoli | G90: FIM | H90: SICOOB CREDICOM | I90: CODIFICAÇÃO | J90: controle dos links e pagamento dos médicos | K90: SharePoint / Office Script
A91: B20260827133731-1003 | B91: 46261.568 | C91: 46261 | D91: QUINTA-FEIRA | E91: 1003 | F91: Amanda do Carmo Ribeiro | G91: INÍCIO | H91: OTEMPO | I91: ANÁLISE | K91: SharePoint / Office Script
A92: B20260827135002-1016 | B92: 46261.576 | C92: 46261 | D92: QUINTA-FEIRA | E92: 1016 | F92: Ana Luisa Nardin | G92: INÍCIO | H92: CFI / ACCION | I92: ANÁLISE | K92: SharePoint / Office Script
A93: B20260827135430-1015 | B93: 46261.58 | C93: 46261 | D93: QUINTA-FEIRA | E93: 1015 | F93: Vitor Guilherme Miguel Rocha | G93: INÍCIO | H93: ADMINISTRATIVO | I93: ADMINISTRATIVO | K93: SharePoint / Office Script
A94: B20260827135528-1014 | B94: 46261.58 | C94: 46261 | D94: QUINTA-FEIRA | E94: 1014 | F94: Robert Filipe Orlando de Souza | G94: INÍCIO | H94: OTEMPO | I94: TRANSCRIÇÃO | K94: SharePoint / Office Script
A95: B20260827135651-1011 | B95: 46261.581 | C95: 46261 | D95: QUINTA-FEIRA | E95: 1011 | F95: Nathalia Arruda | G95: INÍCIO | H95: OTEMPO | I95: ANÁLISE | K95: SharePoint / Office Script
A96: B20260827141731-1012 | B96: 46261.595 | C96: 46261 | D96: QUINTA-FEIRA | E96: 1012 | F96: Nelma Lucia dos S. B. Brandão | G96: INÍCIO | H96: OTEMPO | I96: APOIO OPERACIONAL | J96: Envio de Material para entrevistadores | K96: SharePoint / Office Script
A97: B20260827150635-1004 | B97: 46261.63 | C97: 46261 | D97: QUINTA-FEIRA | E97: 1004 | F97: Angela Bertoli | G97: INÍCIO | H97: SICOOB CREDICOM | I97: CODIFICAÇÃO | J97: controle dos links | K97: SharePoint / Office Script
A98: B20260827160139-1001 | B98: 46261.668 | C98: 46261 | D98: QUINTA-FEIRA | E98: 1001 | F98: Adriana Pereira dos Santos | G98: FIM | H98: TOOLKIT | I98: SUPERVISÃO | J98: supervisão sicoob credicom | K98: SharePoint / Office Script
A99: B20260827163244-1001 | B99: 46261.689 | C99: 46261 | D99: QUINTA-FEIRA | E99: 1001 | F99: Adriana Pereira dos Santos | G99: INÍCIO | H99: TOOLKIT | I99: SUPERVISÃO | K99: SharePoint / Office Script
A100: B20260827175529-1015 | B100: 46261.747 | C100: 46261 | D100: QUINTA-FEIRA | E100: 1015 | F100: Vitor Guilherme Miguel Rocha | G100: FIM | H100: ADMINISTRATIVO | I100: ADMINISTRATIVO | K100: SharePoint / Office Script
A101: B20260827180013-1003 | B101: 46261.75 | C101: 46261 | D101: QUINTA-FEIRA | E101: 1003 | F101: Amanda do Carmo Ribeiro | G101: FIM | H101: OTEMPO | I101: ANÁLISE | K101: SharePoint / Office Script
A102: B20260827180346-1002 | B102: 46261.753 | C102: 46261 | D102: QUINTA-FEIRA | E102: 1002 | F102: Alex de Almeida Mariano | G102: FIM | H102: CFI / ACCION | I102: ANÁLISE | K102: SharePoint / Office Script
...

Sheet Registros
A1: REGISTROS CONSOLIDADOS DE HORAS
A2: Cada INÍCIO cria uma linha; o FIM correspondente conclui a mesma linha e calcula horas e valor.
A4: Registro ID | B4: Data | C4: Dia da semana | D4: Tipo de dia | E4: ID | F4: Pessoa | G4: Projeto | H4: Atividade | I4: Início | J4: Fim | K4: Horas | L4: Observação | M4: Base | N4: Taxa aplicada | O4: Diária | P4: Valor | Q4: Status | R4: 1º do dia | S4: Mês
A6: R20260825152719-1001 | B6: 46259 | C6: TERÇA-FEIRA | D6: DIA ÚTIL | E6: 1001 | F6: Adriana Pereira dos Santos | G6: SICOOB CREDICOM | H6: SUPERVISÃO | I6: 0.64396991 | J6: 0.64594907 | K6: 0.0475 | L6: supervisão e checagem | M6: Hora | N6: 17 | O6: 0 | P6: 0.8075 | Q6: CONCLUÍDO | R6: 1 | S6: 2026-08
A7: R20260825161730-1015 | B7: 46259 | C7: TERÇA-FEIRA | D7: DIA ÚTIL | E7: 1015 | F7: Vitor Guilherme Miguel Rocha | G7: ADMINISTRATIVO | H7: ADMINISTRATIVO | I7: 0.67881944 | J7: 0.68112269 | K7: 0.055277778 | M7: Hora | N7: 21.5 | O7: 0 | P7: 1.1884722 | Q7: CONCLUÍDO | R7: 1 | S7: 2026-08
A8: R20260825162622-1001 | B8: 46259 | C8: TERÇA-FEIRA | D8: DIA ÚTIL | E8: 1001 | F8: Adriana Pereira dos Santos | G8: ESTADUAL - OTEMPO | H8: CHECAGEM | I8: 0.68497685 | J8: 0.68540509 | K8: 0.010277778 | M8: Hora | N8: 17 | O8: 0 | P8: 0.17472222 | Q8: CONCLUÍDO | R8: 0 | S8: 2026-08
A9: R20260825170543-1015 | B9: 46259 | C9: TERÇA-FEIRA | D9: DIA ÚTIL | E9: 1015 | F9: Vitor Guilherme Miguel Rocha | G9: ADMINISTRATIVO | H9: ADMINISTRATIVO | I9: 0.71230324 | J9: 0.74576389 | K9: 0.80305556 | M9: Hora | N9: 21.5 | O9: 0 | P9: 17.265694 | Q9: CONCLUÍDO | R9: 0 | S9: 2026-08
A10: R20260826075539-1011 | B10: 46260 | C10: QUARTA-FEIRA | D10: DIA ÚTIL | E10: 1011 | F10: Nathalia Arruda | G10: ESTADUAL - OTEMPO | H10: ANÁLISE | I10: 0.3303125 | J10: 0.50674769 | K10: 4.2344444 | L10: ajustes de materiais | M10: Hora | N10: 23.5 | O10: 0 | P10: 99.509444 | Q10: CONCLUÍDO | R10: 1 | S10: 2026-08
A11: R20260826080734-1003 | B11: 46260 | C11: QUARTA-FEIRA | D11: DIA ÚTIL | E11: 1003 | F11: Amanda do Carmo Ribeiro | G11: OTEMPO | H11: ANÁLISE | I11: 0.33858796 | J11: 0.49538194 | K11: 3.7630556 | M11: Hora | N11: 23.5 | O11: 0 | P11: 88.431806 | Q11: CONCLUÍDO | R11: 1 | S11: 2026-08
A12: R20260826081141-1013 | B12: 46260 | C12: QUARTA-FEIRA | D12: DIA ÚTIL | E12: 1013 | F12: Rafaela Maria Resende Lara | G12: BC - CONFIANÇA PIX | H12: ANÁLISE | I12: 0.34144676 | M12: Hora | N12: 23.5 | O12: 0 | Q12: EM ABERTO | S12: 2026-08
A13: R20260826085132-1015 | B13: 46260 | C13: QUARTA-FEIRA | D13: DIA ÚTIL | E13: 1015 | F13: Vitor Guilherme Miguel Rocha | G13: ADMINISTRATIVO | H13: ADMINISTRATIVO | I13: 0.36912037 | J13: 0.54428241 | K13: 4.2038889 | M13: Hora | N13: 21.5 | O13: 0 | P13: 90.383611 | Q13: CONCLUÍDO | R13: 1 | S13: 2026-08
A14: R20260826085335-1002 | B14: 46260 | C14: QUARTA-FEIRA | D14: DIA ÚTIL | E14: 1002 | F14: Alex de Almeida Mariano | G14: CFI / ACCION | H14: ANÁLISE | I14: 0.37054398 | J14: 0.74967593 | K14: 9.0991667 | M14: Hora | N14: 23.5 | O14: 0 | P14: 213.83042 | Q14: CONCLUÍDO | R14: 1 | S14: 2026-08
A15: R20260826090744-1016 | B15: 46260 | C15: QUARTA-FEIRA | D15: DIA ÚTIL | E15: 1016 | F15: Ana Luisa Nardin | G15: CFI / ACCION | H15: ANÁLISE | I15: 0.38037037 | J15: 0.52113426 | K15: 3.3783333 | M15: Hora | N15: 23.5 | O15: 0 | P15: 79.390833 | Q15: CONCLUÍDO | R15: 1 | S15: 2026-08
A16: R20260826093319-1001 | B16: 46260 | C16: QUARTA-FEIRA | D16: DIA ÚTIL | E16: 1001 | F16: Adriana Pereira dos Santos | G16: TOOLKIT | H16: SUPERVISÃO | I16: 0.39813657 | J16: 0.605 | K16: 4.9647222 | L16: SUPERVISAÕ SICOOB TAMBE´M | M16: Hora | N16: 17 | O16: 0 | P16: 84.400278 | Q16: CONCLUÍDO | R16: 1 | S16: 2026-08
A17: R20260826095033-1014 | B17: 46260 | C17: QUARTA-FEIRA | D17: DIA ÚTIL | E17: 1014 | F17: Robert Filipe Orlando de Souza | G17: OTEMPO | H17: TRANSCRIÇÃO | I17: 0.41010417 | J17: 0.52747685 | K17: 2.8169444 | M17: Hora | N17: 21.5 | O17: 0 | P17: 60.564306 | Q17: CONCLUÍDO | R17: 1 | S17: 2026-08
A18: R20260826103220-1012 | B18: 46260 | C18: QUARTA-FEIRA | D18: DIA ÚTIL | E18: 1012 | F18: Nelma Lucia dos S. B. Brandão | G18: SICOOB CREDICOM | H18: CHECAGEM | I18: 0.43912037 | J18: 0.52681713 | K18: 2.1047222 | M18: Diária | N18: 0 | O18: 222.72 | P18: 222.72 | Q18: CONCLUÍDO | R18: 1 | S18: 2026-08
A19: R20260826120410-1004 | B19: 46260 | C19: QUARTA-FEIRA | D19: DIA ÚTIL | E19: 1004 | F19: Angela Bertoli | G19: SICOOB CREDICOM | H19: CODIFICAÇÃO | I19: 0.50289352 | J19: 0.56880787 | K19: 1.5819444 | L19: Codificação e controle dos pix | M19: Hora | N19: 21.5 | O19: 0 | P19: 34.011806 | Q19: CONCLUÍDO | R19: 1 | S19: 2026-08
A20: R20260826124010-1011 | B20: 46260 | C20: QUARTA-FEIRA | D20: DIA ÚTIL | E20: 1011 | F20: Nathalia Arruda | G20: OTEMPO | H20: ANÁLISE | I20: 0.52789352 | J20: 0.7528588 | K20: 5.3991667 | L20: rteste e revisão de questionario | M20: Hora | N20: 23.5 | O20: 0 | P20: 126.88042 | Q20: CONCLUÍDO | R20: 0 | S20: 2026-08
A21: R20260826132605-1016 | B21: 46260 | C21: QUARTA-FEIRA | D21: DIA ÚTIL | E21: 1016 | F21: Ana Luisa Nardin | G21: CFI / ACCION | H21: ANÁLISE | I21: 0.55978009 | J21: 0.52527778 | K21: 23.171944 | M21: Hora | N21: 23.5 | O21: 0 | P21: 544.54069 | Q21: CONCLUÍDO | R21: 1 | S21: 2026-08
A22: R20260826134239-1012 | B22: 46260 | C22: QUARTA-FEIRA | D22: DIA ÚTIL | E22: 1012 | F22: Nelma Lucia dos S. B. Brandão | G22: TOOLKIT | H22: CHECAGEM | I22: 0.57128472 | J22: 0.75644676 | K22: 4.4438889 | M22: Diária | N22: 0 | O22: 222.72 | P22: 0 | Q22: CONCLUÍDO | R22: 0 | S22: 2026-08
A23: R20260826134356-1014 | B23: 46260 | C23: QUARTA-FEIRA | D23: DIA ÚTIL | E23: 1014 | F23: Robert Filipe Orlando de Souza | G23: OTEMPO | H23: TRANSCRIÇÃO | I23: 0.57217593 | J23: 0.7521412 | K23: 4.3191667 | M23: Hora | N23: 21.5 | O23: 0 | P23: 92.862083 | Q23: CONCLUÍDO | R23: 0 | S23: 2026-08
A24: R20260826140218-1015 | B24: 46260 | C24: QUARTA-FEIRA | D24: DIA ÚTIL | E24: 1015 | F24: Vitor Guilherme Miguel Rocha | G24: ADMINISTRATIVO | H24: ADMINISTRATIVO | I24: 0.58493056 | J24: 0.74349537 | K24: 3.8055556 | M24: Hora | N24: 21.5 | O24: 0 | P24: 81.819444 | Q24: CONCLUÍDO | R24: 0 | S24: 2026-08
A25: R20260826150208-1001 | B25: 46260 | C25: QUARTA-FEIRA | D25: DIA ÚTIL | E25: 1001 | F25: Adriana Pereira dos Santos | G25: TOOLKIT | H25: SUPERVISÃO | I25: 0.62648148 | J25: 0.78876157 | K25: 3.8947222 | L25: SICOOB SUPERVISÃO TAMBÉM | M25: Hora | N25: 17 | O25: 0 | P25: 66.210278 | Q25: CONCLUÍDO | R25: 0 | S25: 2026-08
A26: R20260826151516-1006 | B26: 46260 | C26: QUARTA-FEIRA | D26: DIA ÚTIL | E26: 1006 | F26: Eliane dos Santos Oliveira | G26: TOOLKIT | H26: CHECAGEM | I26: 0.63560185 | J26: 0.97969907 | K26: 8.2583333 | L26: checagem toolkit | M26: Hora | N26: 14 | O26: 0 | P26: 115.61667 | Q26: CONCLUÍDO | R26: 1 | S26: 2026-08
A27: R20260826233229-1006 | B27: 46260 | C27: QUARTA-FEIRA | D27: DIA ÚTIL | E27: 1006 | F27: Eliane dos Santos Oliveira | G27: TOOLKIT | H27: CHECAGEM | I27: 0.9808912 | J27: 0.81027778 | K27: 19.905278 | L27: checagem toolkit | M27: Hora | N27: 14 | O27: 0 | P27: 278.67389 | Q27: CONCLUÍDO | R27: 1 | S27: 2026-08
A28: R20260827080506-1003 | B28: 46261 | C28: QUINTA-FEIRA | D28: DIA ÚTIL | E28: 1003 | F28: Amanda do Carmo Ribeiro | G28: OTEMPO | H28: ANÁLISE | I28: 0.336875 | J28: 0.75015046 | K28: 9.9186111 | M28: Hora | N28: 23.5 | O28: 0 | P28: 233.08736 | Q28: CONCLUÍDO | R28: 1 | S28: 2026-08
A29: R20260827080943-1002 | B29: 46261 | C29: QUINTA-FEIRA | D29: DIA ÚTIL | E29: 1002 | F29: Alex de Almeida Mariano | G29: CFI / ACCION | H29: ANÁLISE | I29: 0.34008102 | J29: 0.75261574 | K29: 9.9008333 | M29: Hora | N29: 23.5 | O29: 0 | P29: 232.66958 | Q29: CONCLUÍDO | R29: 1 | S29: 2026-08
A30: R20260827083241-1001 | B30: 46261 | C30: QUINTA-FEIRA | D30: DIA ÚTIL | E30: 1001 | F30: Adriana Pereira dos Santos | G30: TOOLKIT | H30: SUPERVISÃO | I30: 0.35603009 | J30: 0.6678125 | K30: 7.4827778 | L30: supervisão sicoob credicom | M30: Hora | N30: 17 | O30: 0 | P30: 127.20722 | Q30: CONCLUÍDO | R30: 1 | S30: 2026-08
A31: R20260827085251-1015 | B31: 46261 | C31: QUINTA-FEIRA | D31: DIA ÚTIL | E31: 1015 | F31: Vitor Guilherme Miguel Rocha | G31: ADMINISTRATIVO | H31: ADMINISTRATIVO | I31: 0.37003472 | J31: 0.53855324 | K31: 4.0444444 | M31: Hora | N31: 21.5 | O31: 0 | P31: 86.955556 | Q31: CONCLUÍDO | R31: 1 | S31: 2026-08
A32: R20260827085347-1011 | B32: 46261 | C32: QUINTA-FEIRA | D32: DIA ÚTIL | E32: 1011 | F32: Nathalia Arruda | G32: ESTADUAL - OTEMPO | H32: ANÁLISE | I32: 0.37068287 | J32: 0.75436343 | K32: 177.20833 | M32: Hora | N32: 23.5 | O32: 0 | P32: 4164.3958 | Q32: CONCLUÍDO | R32: 1 | S32: 2026-08
A33: R20260827091115-1004 | B33: 46261 | C33: QUINTA-FEIRA | D33: DIA ÚTIL | E33: 1004 | F33: Angela Bertoli | G33: SICOOB CREDICOM | H33: CODIFICAÇÃO | I33: 0.3828125 | J33: 0.54849537 | K33: 3.9763889 | L33: controle dos links e pagamento dos médicos | M33: Hora | N33: 21.5 | O33: 0 | P33: 85.492361 | Q33: CONCLUÍDO | R33: 1 | S33: 2026-08
A34: R20260827094456-1012 | B34: 46261 | C34: QUINTA-FEIRA | D34: DIA ÚTIL | E34: 1012 | F34: Nelma Lucia dos S. B. Brandão | G34: SICOOB CREDICOM | H34: CHECAGEM | I34: 0.4062037 | J34: 0.47416667 | K34: 1.6311111 | M34: Diária | N34: 0 | O34: 222.72 | P34: 222.72 | Q34: CONCLUÍDO | R34: 1 | S34: 2026-08
A35: R20260827100504-1014 | B35: 46261 | C35: QUINTA-FEIRA | D35: DIA ÚTIL | E35: 1014 | F35: Robert Filipe Orlando de Souza | G35: OTEMPO | H35: TRANSCRIÇÃO | I35: 0.42018519 | J35: 0.53351852 | K35: 2.72 | M35: Hora | N35: 21.5 | O35: 0 | P35: 58.48 | Q35: CONCLUÍDO | R35: 1 | S35: 2026-08
A36: R20260827112349-1012 | B36: 46261 | C36: QUINTA-FEIRA | D36: DIA ÚTIL | E36: 1012 | F36: Nelma Lucia dos S. B. Brandão | G36: OTEMPO | H36: APOIO OPERACIONAL | I36: 0.47487269 | J36: 0.54290509 | K36: 1.6327778 | L36: Intervalo para almoço | M36: Diária | N36: 0 | O36: 222.72 | P36: 0 | Q36: CONCLUÍDO | R36: 0 | S36: 2026-08
A37: R20260827135002-1016 | B37: 46261 | C37: QUINTA-FEIRA | D37: DIA ÚTIL | E37: 1016 | F37: Ana Luisa Nardin | G37: CFI / ACCION | H37: ANÁLISE | I37: 0.57641204 | J37: 0.755 | K37: 4.2861111 | M37: Hora | N37: 23.5 | O37: 0 | P37: 100.72361 | Q37: CONCLUÍDO | R37: 1 | S37: 2026-08
A38: R20260827135430-1015 | B38: 46261 | C38: QUINTA-FEIRA | D38: DIA ÚTIL | E38: 1015 | F38: Vitor Guilherme Miguel Rocha | G38: ADMINISTRATIVO | H38: ADMINISTRATIVO | I38: 0.57951389 | J38: 0.74686343 | K38: 4.0163889 | M38: Hora | N38: 21.5 | O38: 0 | P38: 86.352361 | Q38: CONCLUÍDO | R38: 0 | S38: 2026-08
A39: R20260827135528-1014 | B39: 46261 | C39: QUINTA-FEIRA | D39: DIA ÚTIL | E39: 1014 | F39: Robert Filipe Orlando de Souza | G39: OTEMPO | H39: TRANSCRIÇÃO | I39: 0.58018519 | J39: 0.75818287 | K39: 4.2719444 | M39: Hora | N39: 21.5 | O39: 0 | P39: 91.846806 | Q39: CONCLUÍDO | R39: 0 | S39: 2026-08
A40: R20260827141731-1012 | B40: 46261 | C40: QUINTA-FEIRA | D40: DIA ÚTIL | E40: 1012 | F40: Nelma Lucia dos S. B. Brandão | G40: OTEMPO | H40: APOIO OPERACIONAL | I40: 0.59549769 | M40: Diária | N40: 0 | O40: 222.72 | Q40: EM ABERTO | S40: 2026-08
A41: R20260827150635-1004 | B41: 46261 | C41: QUINTA-FEIRA | D41: DIA ÚTIL | E41: 1004 | F41: Angela Bertoli | G41: SICOOB CREDICOM | H41: CODIFICAÇÃO | I41: 0.62957176 | J41: 0.84657407 | K41: 5.2080556 | L41: links e os pix | M41: Hora | N41: 21.5 | O41: 0 | P41: 111.97319 | Q41: CONCLUÍDO | R41: 0 | S41: 2026-08
A42: R20260827163244-1001 | B42: 46261 | C42: QUINTA-FEIRA | D42: DIA ÚTIL | E42: 1001 | F42: Adriana Pereira dos Santos | G42: TOOLKIT | H42: SUPERVISÃO | I42: 0.68939815 | J42: 0.75890046 | K42: 1.6680556 | L42: Supervisao toolikit | M42: Hora | N42: 17 | O42: 0 | P42: 28.356944 | Q42: CONCLUÍDO | R42: 0 | S42: 2026-08
A43: R20260828075856-1003 | B43: 46262 | C43: SEXTA-FEIRA | D43: DIA ÚTIL | E43: 1003 | F43: Amanda do Carmo Ribeiro | G43: OTEMPO | H43: ANÁLISE | I43: 0.33259259 | J43: 0.53019676 | K43: 4.7425 | L43: Manual de checagem, crítica e codificação | M43: Hora | N43: 23.5 | O43: 0 | P43: 111.44875 | Q43: CONCLUÍDO | R43: 1 | S43: 2026-08
A44: R20260828083311-1001 | B44: 46262 | C44: SEXTA-FEIRA | D44: DIA ÚTIL | E44: 1001 | F44: Adriana Pereira dos Santos | G44: TOOLKIT | H44: SUPERVISÃO | I44: 0.35637731 | J44: 0.6072338 | K44: 6.0205556 | L44: Supervisao toolkit e sicoob | M44: Hora | N44: 17 | O44: 0 | P44: 102.34944 | Q44: CONCLUÍDO | R44: 1 | S44: 2026-08
A45: R20260828085129-1006 | B45: 46262 | C45: SEXTA-FEIRA | D45: DIA ÚTIL | E45: 1006 | F45: Eliane dos Santos Oliveira | G45: TOOLKIT | H45: CHECAGEM | I45: 0.36908565 | J45: 0.44494213 | K45: 1.8205556 | L45: checagem toolkit | M45: Hora | N45: 14 | O45: 0 | P45: 25.487778 | Q45: CONCLUÍDO | R45: 1 | S45: 2026-08
A46: R20260828085206-1002 | B46: 46262 | C46: SEXTA-FEIRA | D46: DIA ÚTIL | E46: 1002 | F46: Alex de Almeida Mariano | G46: CFI / ACCION | H46: ANÁLISE | I46: 0.36951389 | J46: 0.74611111 | K46: 9.0383333 | M46: Hora | N46: 23.5 | O46: 0 | P46: 212.40083 | Q46: CONCLUÍDO | R46: 1 | S46: 2026-08
A47: R20260828090110-1015 | B47: 46262 | C47: SEXTA-FEIRA | D47: DIA ÚTIL | E47: 1015 | F47: Vitor Guilherme Miguel Rocha | G47: ADMINISTRATIVO | H47: ADMINISTRATIVO | I47: 0.37581019 | J47: 0.56226852 | K47: 4.475 | M47: Hora | N47: 21.5 | O47: 0 | P47: 96.2125 | Q47: CONCLUÍDO | R47: 1 | S47: 2026-08
A48: R20260828095204-1014 | B48: 46262 | C48: SEXTA-FEIRA | D48: DIA ÚTIL | E48: 1014 | F48: Robert Filipe Orlando de Souza | G48: TOOLKIT | H48: CHECAGEM | I48: 0.41115741 | J48: 0.44953704 | K48: 0.92111111 | M48: Hora | N48: 21.5 | O48: 0 | P48: 19.803889 | Q48: CONCLUÍDO | R48: 1 | S48: 2026-08
A49: R20260828101846-1016 | B49: 46262 | C49: SEXTA-FEIRA | D49: DIA ÚTIL | E49: 1016 | F49: Ana Luisa Nardin | G49: CFI / ACCION | H49: ANÁLISE | I49: 0.42969907 | J49: 0.75466435 | K49: 79.799167 | M49: Hora | N49: 23.5 | O49: 0 | P49: 1875.2804 | Q49: CONCLUÍDO | R49: 1 | S49: 2026-08
A50: R20260828104211-1006 | B50: 46262 | C50: SEXTA-FEIRA | D50: DIA ÚTIL | E50: 1006 | F50: Eliane dos Santos Oliveira | G50: OTEMPO | H50: CHECAGEM | I50: 0.44596065 | J50: 0.65931713 | K50: 5.1205556 | L50: Checagem Otempo | M50: Hora | N50: 14 | O50: 0 | P50: 71.687778 | Q50: CONCLUÍDO | R50: 0 | S50: 2026-08
A51: R20260828104739-1014 | B51: 46262 | C51: SEXTA-FEIRA | D51: DIA ÚTIL | E51: 1014 | F51: Robert Filipe Orlando de Souza | G51: SICOOB CREDICOM | H51: CHECAGEM | I51: 0.44975694 | J51: 0.53273148 | K51: 1.9913889 | M51: Hora | N51: 21.5 | O51: 0 | P51: 42.814861 | Q51: CONCLUÍDO | R51: 0 | S51: 2026-08
A52: R20260828134412-1003 | B52: 46262 | C52: SEXTA-FEIRA | D52: DIA ÚTIL | E52: 1003 | F52: Amanda do Carmo Ribeiro | G52: OTEMPO | H52: ANÁLISE | I52: 0.57236111 | J52: 0.75040509 | K52: 4.2730556 | M52: Hora | N52: 23.5 | O52: 0 | P52: 100.41681 | Q52: CONCLUÍDO | R52: 0 | S52: 2026-08
A53: R20260828135456-1014 | B53: 46262 | C53: SEXTA-FEIRA | D53: DIA ÚTIL | E53: 1014 | F53: Robert Filipe Orlando de Souza | G53: SICOOB CREDICOM | H53: CHECAGEM | I53: 0.57981481 | J53: 0.60143519 | K53: 0.51888889 | M53: Hora | N53: 21.5 | O53: 0 | P53: 11.156111 | Q53: CONCLUÍDO | R53: 0 | S53: 2026-08
A54: R20260828142623-1014 | B54: 46262 | C54: SEXTA-FEIRA | D54: DIA ÚTIL | E54: 1014 | F54: Robert Filipe Orlando de Souza | G54: TOOLKIT | H54: CHECAGEM | I54: 0.60165509 | J54: 0.66454861 | K54: 1.5094444 | M54: Hora | N54: 21.5 | O54: 0 | P54: 32.453056 | Q54: CONCLUÍDO | R54: 0 | S54: 2026-08
A55: R20260828143020-1015 | B55: 46262 | C55: SEXTA-FEIRA | D55: DIA ÚTIL | E55: 1015 | F55: Vitor Guilherme Miguel Rocha | G55: ADMINISTRATIVO | H55: ADMINISTRATIVO | I55: 0.60439815 | J55: 0.74663194 | K55: 3.4136111 | M55: Hora | N55: 21.5 | O55: 0 | P55: 73.392639 | Q55: CONCLUÍDO | R55: 0 | S55: 2026-08
A56: R20260828151048-1001 | B56: 46262 | C56: SEXTA-FEIRA | D56: DIA ÚTIL | E56: 1001 | F56: Adriana Pereira dos Santos | G56: TOOLKIT | H56: SUPERVISÃO | I56: 0.6325 | J56: 0.78427083 | K56: 3.6425 | L56: Supervisão sicoob | M56: Hora | N56: 17 | O56: 0 | P56: 61.9225 | Q56: CONCLUÍDO | R56: 0 | S56: 2026-08
A57: R20260828155736-1014 | B57: 46262 | C57: SEXTA-FEIRA | D57: DIA ÚTIL | E57: 1014 | F57: Robert Filipe Orlando de Souza | G57: SICOOB CREDICOM | H57: CHECAGEM | I57: 0.665 | J57: 0.75622685 | K57: 2.1894444 | M57: Hora | N57: 21.5 | O57: 0 | P57: 47.073056 | Q57: CONCLUÍDO | R57: 0 | S57: 2026-08
A58: R20260828165818-1006 | B58: 46262 | C58: SEXTA-FEIRA | D58: DIA ÚTIL | E58: 1006 | F58: Eliane dos Santos Oliveira | G58: OTEMPO | H58: CHECAGEM | I58: 0.70715278 | J58: 0.78372685 | K58: 1.8377778 | L58: checagem do toolkit e do otempo | M58: Hora | N58: 14 | O58: 0 | P58: 25.728889 | Q58: CONCLUÍDO | R58: 0 | S58: 2026-08
A59: R20260829081715-1001 | B59: 46263 | C59: SÁBADO | D59: FDS/FERIADO | E59: 1001 | F59: Adriana Pereira dos Santos | G59: SICOOB CREDICOM | H59: SUPERVISÃO | I59: 0.3453125 | J59: 0.75068287 | K59: 9.7288889 | L59: SUPERVISÃO SICOOB | M59: Hora | N59: 20 | O59: 0 | P59: 194.57778 | Q59: CONCLUÍDO | R59: 1 | S59: 2026-08
A60: R20260829085913-1006 | B60: 46263 | C60: SÁBADO | D60: FDS/FERIADO | E60: 1006 | F60: Eliane dos Santos Oliveira | G60: OTEMPO | H60: CHECAGEM | I60: 0.37445602 | J60: 0.63108796 | K60: 6.1591667 | L60: CHECAGEM OTEMPO | M60: Hora | N60: 17 | O60: 0 | P60: 104.70583 | Q60: CONCLUÍDO | R60: 1 | S60: 2026-08
A61: R20260829124808-1004 | B61: 46263 | C61: SÁBADO | D61: FDS/FERIADO | E61: 1004 | F61: Angela Bertoli | G61: SICOOB CREDICOM | H61: CODIFICAÇÃO | I61: 0.53342593 | J61: 0.62913194 | K61: 2.2969444 | L61: Verificção dos lins e pagamento dos médicos | M61: Hora | N61: 20 | O61: 0 | P61: 45.938889 | Q61: CONCLUÍDO | R61: 1 | S61: 2026-08
A62: R20260829150623-1004 | B62: 46263 | C62: SÁBADO | D62: FDS/FERIADO | E62: 1004 | F62: Angela Bertoli | G62: TOOLKIT | H62: CODIFICAÇÃO | I62: 0.62943287 | J62: 0.74981481 | K62: 2.8891667 | L62: Sicoob também | M62: Hora | N62: 20 | O62: 0 | P62: 57.783333 | Q62: CONCLUÍDO | R62: 0 | S62: 2026-08
A63: R20260829161342-1006 | B63: 46263 | C63: SÁBADO | D63: FDS/FERIADO | E63: 1006 | F63: Eliane dos Santos Oliveira | G63: OTEMPO | H63: CHECAGEM | I63: 0.67618056 | J63: 0.75292824 | K63: 1.8419444 | L63: CHRCAGEM OTEMPO | M63: Hora | N63: 17 | O63: 0 | P63: 31.313056 | Q63: CONCLUÍDO | R63: 0 | S63: 2026-08
A64: R20260830082523-1001 | B64: 46264 | C64: DOMINGO | D64: FDS/FERIADO | E64: 1001 | F64: Adriana Pereira dos Santos | G64: SICOOB CREDICOM | H64: SUPERVISÃO | I64: 0.35096065 | J64: 0.58263889 | K64: 5.5602778 | M64: Hora | N64: 20 | O64: 0 | P64: 111.20556 | Q64: CONCLUÍDO | R64: 1 | S64: 2026-08
A65: R20260830091019-1006 | B65: 46264 | C65: DOMINGO | D65: FDS/FERIADO | E65: 1006 | F65: Eliane dos Santos Oliveira | G65: OTEMPO | H65: CHECAGEM | I65: 0.38216435 | J65: 0.55356481 | K65: 4.1136111 | L65: checagem otempo | M65: Hora | N65: 17 | O65: 0 | P65: 69.931389 | Q65: CONCLUÍDO | R65: 1 | S65: 2026-08
A66: R20260830135122-1006 | B66: 46264 | C66: DOMINGO | D66: FDS/FERIADO | E66: 1006 | F66: Eliane dos Santos Oliveira | G66: OTEMPO | H66: CHECAGEM | I66: 0.57733796 | J66: 0.72171296 | K66: 3.465 | L66: CHECAGEM OTEMPO | M66: Hora | N66: 17 | O66: 0 | P66: 58.905 | Q66: CONCLUÍDO | R66: 0 | S66: 2026-08
A67: R20260830145938-1001 | B67: 46264 | C67: DOMINGO | D67: FDS/FERIADO | E67: 1001 | F67: Adriana Pereira dos Santos | G67: SICOOB CREDICOM | H67: SUPERVISÃO | I67: 0.62474537 | J67: 0.75835648 | K67: 27.206667 | L67: SUPERVISÃO SICOOB CREDICOM | M67: Hora | N67: 20 | O67: 0 | P67: 544.13333 | Q67: CONCLUÍDO | R67: 1 | S67: 2026-08
A68: R20260831082308-1002 | B68: 46265 | C68: SEGUNDA-FEIRA | D68: DIA ÚTIL | E68: 1002 | F68: Alex de Almeida Mariano | G68: CFI / ACCION | H68: ANÁLISE | I68: 0.34939815 | J68: 0.75527778 | K68: 9.7411111 | M68: Hora | N68: 23.5 | O68: 0 | P68: 228.91611 | Q68: CONCLUÍDO | R68: 1 | S68: 2026-08
A69: R20260831084144-1003 | B69: 46265 | C69: SEGUNDA-FEIRA | D69: DIA ÚTIL | E69: 1003 | F69: Amanda do Carmo Ribeiro | G69: OTEMPO | H69: ANÁLISE | I69: 0.36231481 | J69: 0.70918981 | K69: 8.325 | L69: Plano de processamento e manual de checagem, crítica e codificação | M69: Hora | N69: 23.5 | O69: 0 | P69: 195.6375 | Q69: CONCLUÍDO | R69: 1 | S69: 2026-08
A70: R20260831085345-1015 | B70: 46265 | C70: SEGUNDA-FEIRA | D70: DIA ÚTIL | E70: 1015 | F70: Vitor Guilherme Miguel Rocha | G70: ADMINISTRATIVO | H70: ADMINISTRATIVO | I70: 0.37065972 | J70: 0.54069444 | K70: 4.0808333 | M70: Hora | N70: 21.5 | O70: 0 | P70: 87.737917 | Q70: CONCLUÍDO | R70: 1 | S70: 2026-08
A71: R20260831090239-1006 | B71: 46265 | C71: SEGUNDA-FEIRA | D71: DIA ÚTIL | E71: 1006 | F71: Eliane dos Santos Oliveira | G71: OTEMPO | H71: CHECAGEM | I71: 0.37684028 | J71: 0.64109954 | K71: 6.3422222 | L71: checagem otempo | M71: Hora | N71: 14 | O71: 0 | P71: 88.791111 | Q71: CONCLUÍDO | R71: 1 | S71: 2026-08
A72: R20260831102715-1014 | B72: 46265 | C72: SEGUNDA-FEIRA | D72: DIA ÚTIL | E72: 1014 | F72: Robert Filipe Orlando de Souza | G72: SICOOB CREDICOM | H72: CHECAGEM | I72: 0.43559028 | J72: 0.53855324 | K72: 2.4711111 | M72: Hora | N72: 21.5 | O72: 0 | P72: 53.128889 | Q72: CONCLUÍDO | R72: 1 | S72: 2026-08
A73: R20260831135828-1015 | B73: 46265 | C73: SEGUNDA-FEIRA | D73: DIA ÚTIL | E73: 1015 | F73: Vitor Guilherme Miguel Rocha | G73: ADMINISTRATIVO | H73: ADMINISTRATIVO | I73: 0.58226852 | J73: 0.74679398 | K73: 3.9486111 | M73: Hora | N73: 21.5 | O73: 0 | P73: 84.895139 | Q73: CONCLUÍDO | R73: 0 | S73: 2026-08
A74: R20260831140206-1014 | B74: 46265 | C74: SEGUNDA-FEIRA | D74: DIA ÚTIL | E74: 1014 | F74: Robert Filipe Orlando de Souza | G74: SICOOB CREDICOM | H74: CHECAGEM | I74: 0.58479167 | J74: 0.76234954 | K74: 4.2613889 | M74: Hora | N74: 21.5 | O74: 0 | P74: 91.619861 | Q74: CONCLUÍDO | R74: 0 | S74: 2026-08
A75: R20260831162351-1006 | B75: 46265 | C75: SEGUNDA-FEIRA | D75: DIA ÚTIL | E75: 1006 | F75: Eliane dos Santos Oliveira | G75: OTEMPO | H75: CHECAGEM | I75: 0.68322917 | J75: 0.75605324 | K75: 1.7477778 | L75: checagem Otempo | M75: Hora | N75: 14 | O75: 0 | P75: 24.468889 | Q75: CONCLUÍDO | R75: 0 | S75: 2026-08
A76: R20260901075616-1003 | B76: 46266 | C76: TERÇA-FEIRA | D76: DIA ÚTIL | E76: 1003 | F76: Amanda do Carmo Ribeiro | G76: OTEMPO | H76: ANÁLISE | I76: 0.33074074 | J76: 0.52605324 | K76: 4.6875 | L76: Plano de processamento | M76: Hora | N76: 23.5 | O76: 0 | P76: 110.15625 | Q76: CONCLUÍDO | R76: 1 | S76: 2026-09
A77: R20260901083201-1001 | B77: 46266 | C77: TERÇA-FEIRA | D77: DIA ÚTIL | E77: 1001 | F77: Adriana Pereira dos Santos | G77: SICOOB CREDICOM | H77: SUPERVISÃO | I77: 0.35556713 | J77: 0.57634259 | K77: 5.2986111 | L77: Estou realizando recrutamento para estadual rodada 5, e recrutamento tracking betim. | M77: Hora | N77: 17 | O77: 0 | P77: 90.076389 | Q77: CONCLUÍDO | R77: 1 | S77: 2026-09
A78: R20260901084306-1015 | B78: 46266 | C78: TERÇA-FEIRA | D78: DIA ÚTIL | E78: 1015 | F78: Vitor Guilherme Miguel Rocha | G78: ADMINISTRATIVO | H78: ADMINISTRATIVO | I78: 0.36326389 | J78: 0.54230324 | K78: 4.2969444 | M78: Hora | N78: 21.5 | O78: 0 | P78: 92.384306 | Q78: CONCLUÍDO | R78: 1 | S78: 2026-09
A79: R20260901085435-1002 | B79: 46266 | C79: TERÇA-FEIRA | D79: DIA ÚTIL | E79: 1002 | F79: Alex de Almeida Mariano | G79: CFI / ACCION | H79: ANÁLISE | I79: 0.37123843 | J79: 0.75225694 | K79: 9.1444444 | M79: Hora | N79: 23.5 | O79: 0 | P79: 214.89444 | Q79: CONCLUÍDO | R79: 1 | S79: 2026-09
A80: R20260901090343-1006 | B80: 46266 | C80: TERÇA-FEIRA | D80: DIA ÚTIL | E80: 1006 | F80: Eliane dos Santos Oliveira | G80: OTEMPO | H80: CHECAGEM | I80: 0.37758102 | J80: 0.53084491 | K80: 3.6783333 | L80: checagem Otempo | M80: Hora | N80: 14 | O80: 0 | P80: 51.496667 | Q80: CONCLUÍDO | R80: 1 | S80: 2026-09
A81: R20260901092334-1016 | B81: 46266 | C81: TERÇA-FEIRA | D81: DIA ÚTIL | E81: 1016 | F81: Ana Luisa Nardin | G81: CFI / ACCION | H81: ANÁLISE | I81: 0.39136574 | J81: 0.52224537 | K81: 3.1411111 | M81: Hora | N81: 23.5 | O81: 0 | P81: 73.816111 | Q81: CONCLUÍDO | R81: 1 | S81: 2026-09
A82: R20260901093644-1014 | B82: 46266 | C82: TERÇA-FEIRA | D82: DIA ÚTIL | E82: 1014 | F82: Robert Filipe Orlando de Souza | G82: SICOOB CREDICOM | H82: CHECAGEM | I82: 0.40050926 | J82: 0.52460648 | K82: 2.9783333 | M82: Hora | N82: 21.5 | O82: 0 | P82: 64.034167 | Q82: CONCLUÍDO | R82: 1 | S82: 2026-09
A83: R20260901133042-1003 | B83: 46266 | C83: TERÇA-FEIRA | D83: DIA ÚTIL | E83: 1003 | F83: Amanda do Carmo Ribeiro | G83: OTEMPO | H83: ANÁLISE | I83: 0.56298611 | J83: 0.75290509 | K83: 4.5580556 | L83: Elaboração do plano de processamento | M83: Hora | N83: 23.5 | O83: 0 | P83: 107.11431 | Q83: CONCLUÍDO | R83: 0 | S83: 2026-09
A84: R20260901133501-1016 | B84: 46266 | C84: TERÇA-FEIRA | D84: DIA ÚTIL | E84: 1016 | F84: Ana Luisa Nardin | G84: CFI / ACCION | H84: ANÁLISE | I84: 0.5659838 | J84: 0.75513889 | K84: 4.5397222 | M84: Hora | N84: 23.5 | O84: 0 | P84: 106.68347 | Q84: CONCLUÍDO | R84: 0 | S84: 2026-09
A85: R20260901134143-1006 | B85: 46266 | C85: TERÇA-FEIRA | D85: DIA ÚTIL | E85: 1006 | F85: Eliane dos Santos Oliveira | G85: OTEMPO | H85: CHECAGEM | I85: 0.57063657 | J85: 0.76196759 | K85: 4.5919444 | L85: cchecagem otempo | M85: Hora | N85: 14 | O85: 0 | P85: 64.287222 | Q85: CONCLUÍDO | R85: 0 | S85: 2026-09
A86: R20260901135759-1015 | B86: 46266 | C86: TERÇA-FEIRA | D86: DIA ÚTIL | E86: 1015 | F86: Vitor Guilherme Miguel Rocha | G86: ADMINISTRATIVO | H86: ADMINISTRATIVO | I86: 0.58193287 | J86: 0.75017361 | K86: 4.0377778 | L86: Relatório analítico | M86: Hora | N86: 21.5 | O86: 0 | P86: 86.812222 | Q86: CONCLUÍDO | R86: 0 | S86: 2026-09
A87: R20260901141738-1004 | B87: 46266 | C87: TERÇA-FEIRA | D87: DIA ÚTIL | E87: 1004 | F87: Angela Bertoli | G87: OTEMPO | H87: CODIFICAÇÃO | I87: 0.5955787 | J87: 0.79997685 | K87: 4.9055556 | M87: Hora | N87: 21.5 | O87: 0 | P87: 105.46944 | Q87: CONCLUÍDO | R87: 1 | S87: 2026-09
A88: R20260901142131-1001 | B88: 46266 | C88: TERÇA-FEIRA | D88: DIA ÚTIL | E88: 1001 | F88: Adriana Pereira dos Santos | G88: SICOOB CREDICOM | H88: SUPERVISÃO | I88: 0.59827546 | J88: 0.76876157 | K88: 4.0916667 | L88: SUPERVISAO SICOOB | M88: Hora | N88: 17 | O88: 0 | P88: 69.558333 | Q88: CONCLUÍDO | R88: 0 | S88: 2026-09
A89: R20260901145826-1014 | B89: 46266 | C89: TERÇA-FEIRA | D89: DIA ÚTIL | E89: 1014 | F89: Robert Filipe Orlando de Souza | G89: SICOOB CREDICOM | H89: CHECAGEM | I89: 0.62391204 | J89: 0.748125 | K89: 2.9811111 | M89: Hora | N89: 21.5 | O89: 0 | P89: 64.093889 | Q89: CONCLUÍDO | R89: 0 | S89: 2026-09
A90: R20260901204543-1004 | B90: 46266 | C90: TERÇA-FEIRA | D90: DIA ÚTIL | E90: 1004 | F90: Angela Bertoli | G90: SICOOB CREDICOM | H90: CODIFICAÇÃO | I90: 0.86508102 | J90: 0.92608796 | K90: 1.4641667 | L90: controle dos links e organiação dos pix dos médicos | M90: Hora | N90: 21.5 | O90: 0 | P90: 31.479583 | Q90: CONCLUÍDO | R90: 0 | S90: 2026-09
A91: R20260902075740-1003 | B91: 46267 | C91: QUARTA-FEIRA | D91: DIA ÚTIL | E91: 1003 | F91: Amanda do Carmo Ribeiro | G91: OTEMPO | H91: ANÁLISE | I91: 0.33171296 | J91: 0.5312037 | K91: 4.7877778 | L91: Elaboração do plano de processamento. | M91: Hora | N91: 23.5 | O91: 0 | P91: 112.51278 | Q91: CONCLUÍDO | R91: 1 | S91: 2026-09
A92: R20260902084447-1001 | B92: 46267 | C92: QUARTA-FEIRA | D92: DIA ÚTIL | E92: 1001 | F92: Adriana Pereira dos Santos | G92: SICOOB CREDICOM | H92: SUPERVISÃO | I92: 0.36443287 | J92: 0.73186343 | K92: 8.8183333 | M92: Hora | N92: 17 | O92: 0 | P92: 149.91167 | Q92: CONCLUÍDO | R92: 1 | S92: 2026-09
A93: R20260902085459-1015 | B93: 46267 | C93: QUARTA-FEIRA | D93: DIA ÚTIL | E93: 1015 | F93: Vitor Guilherme Miguel Rocha | G93: ADMINISTRATIVO | H93: ADMINISTRATIVO | I93: 0.3715162 | J93: 0.54413194 | K93: 4.1427778 | M93: Hora | N93: 21.5 | O93: 0 | P93: 89.069722 | Q93: CONCLUÍDO | R93: 1 | S93: 2026-09
A94: R20260902090356-1002 | B94: 46267 | C94: QUARTA-FEIRA | D94: DIA ÚTIL | E94: 1002 | F94: Alex de Almeida Mariano | G94: CFI / ACCION | H94: ANÁLISE | I94: 0.37773148 | J94: 0.75506944 | K94: 9.0561111 | M94: Hora | N94: 23.5 | O94: 0 | P94: 212.81861 | Q94: CONCLUÍDO | R94: 1 | S94: 2026-09
A95: R20260902092324-1016 | B95: 46267 | C95: QUARTA-FEIRA | D95: DIA ÚTIL | E95: 1016 | F95: Ana Luisa Nardin | G95: CFI / ACCION | H95: ANÁLISE | I95: 0.39125 | J95: 0.52097222 | K95: 3.1133333 | M95: Hora | N95: 23.5 | O95: 0 | P95: 73.163333 | Q95: CONCLUÍDO | R95: 1 | S95: 2026-09
A96: R20260902092749-1004 | B96: 46267 | C96: QUARTA-FEIRA | D96: DIA ÚTIL | E96: 1004 | F96: Angela Bertoli | G96: OTEMPO | H96: CODIFICAÇÃO | I96: 0.39431713 | J96: 0.62449074 | K96: 5.5241667 | M96: Hora | N96: 21.5 | O96: 0 | P96: 118.76958 | Q96: CONCLUÍDO | R96: 1 | S96: 2026-09
A97: R20260902094729-1014 | B97: 46267 | C97: QUARTA-FEIRA | D97: DIA ÚTIL | E97: 1014 | F97: Robert Filipe Orlando de Souza | G97: SICOOB CREDICOM | H97: CHECAGEM | I97: 0.40797454 | J97: 0.52063657 | K97: 2.7038889 | M97: Hora | N97: 21.5 | O97: 0 | P97: 58.133611 | Q97: CONCLUÍDO | R97: 1 | S97: 2026-09
A98: R20260902130111-1006 | B98: 46267 | C98: QUARTA-FEIRA | D98: DIA ÚTIL | E98: 1006 | F98: Eliane dos Santos Oliveira | G98: OTEMPO | H98: CHECAGEM | I98: 0.54248843 | J98: 0.71255787 | K98: 4.0816667 | L98: checagem OTEMPO | M98: Hora | N98: 14 | O98: 0 | P98: 57.143333 | Q98: CONCLUÍDO | R98: 1 | S98: 2026-09
A99: R20260902134525-1016 | B99: 46267 | C99: QUARTA-FEIRA | D99: DIA ÚTIL | E99: 1016 | F99: Ana Luisa Nardin | G99: CFI / ACCION | H99: ANÁLISE | I99: 0.57320602 | J99: 0.75159722 | K99: 4.2813889 | M99: Hora | N99: 23.5 | O99: 0 | P99: 100.61264 | Q99: CONCLUÍDO | R99: 0 | S99: 2026-09
A100: R20260902134938-1003 | B100: 46267 | C100: QUARTA-FEIRA | D100: DIA ÚTIL | E100: 1003 | F100: Amanda do Carmo Ribeiro | G100: OTEMPO | H100: ANÁLISE | I100: 0.57613426 | J100: 0.74890046 | K100: 4.1463889 | M100: Hora | N100: 23.5 | O100: 0 | P100: 97.440139 | Q100: CONCLUÍDO | R100: 0 | S100: 2026-09
A101: R20260902135938-1015 | B101: 46267 | C101: QUARTA-FEIRA | D101: DIA ÚTIL | E101: 1015 | F101: Vitor Guilherme Miguel Rocha | G101: ADMINISTRATIVO | H101: ADMINISTRATIVO | I101: 0.5830787 | J101: 0.75309028 | K101: 4.0802778 | M101: Hora | N101: 21.5 | O101: 0 | P101: 87.725972 | Q101: CONCLUÍDO | R101: 0 | S101: 2026-09
A102: R20260902170832-1004 | B102: 46267 | C102: QUARTA-FEIRA | D102: DIA ÚTIL | E102: 1004 | F102: Angela Bertoli | G102: OTEMPO | H102: CODIFICAÇÃO | I102: 0.71425926 | J102: 0.83728009 | K102: 2.9525 | M102: Hora | N102: 21.5 | O102: 0 | P102: 63.47875 | Q102: CONCLUÍDO | R102: 0 | S102: 2026-09
...

Sheet Resumo Pagamentos
A1: RESUMO MENSAL DE PAGAMENTOS
A2: Selecione o mês no formato AAAA-MM. Valores vêm automaticamente dos registros concluídos.
A4: Mês de apuração | B4: 2026-08
A6: ID | B6: Pessoa | C6: Base | D6: Horas úteis | E6: Horas FDS | F6: Horas totais | G6: Dias trabalhados | H6: R$/h útil | I6: R$/h FDS | J6: R$/diária | K6: Valor calculado | L6: Ajustes | M6: TOTAL A PAGAR | N6: Pendências
A7: 1001 | B7: Adriana Pereira dos Santos | C7: Hora | D7: =SUMIFS(tblRegistros[Horas],tblRegistros[ID],A7,tblRegistros[Tipo de dia],"DIA ÚTIL",tblRegistros[Mês],$B$4,tblRegistros[Status],"CONCLUÍDO") -> 27.731111 | E7: =SUMIFS(tblRegistros[Horas],tblRegistros[ID],A7,tblRegistros[Tipo de dia],"FDS/FERIADO",tblRegistros[Mês],$B$4,tblRegistros[Status],"CONCLUÍDO") -> 42.495833 | F7: =D7+E7 -> 70.226944 | G7: =SUMIFS(tblRegistros[1º do dia],tblRegistros[ID],A7,tblRegistros[Mês],$B$4,tblRegistros[Status],"CONCLUÍDO") -> 7 | H7: =IFERROR(INDEX('Cadastro Pessoas'!$D$5:$D$104,MATCH(A7,'Cadastro Pessoas'!$A$5:$A$104,0)),0) -> 17 | I7: =IFERROR(INDEX('Cadastro Pessoas'!$E$5:$E$104,MATCH(A7,'Cadastro Pessoas'!$A$5:$A$104,0)),0) -> 20 | J7: =IFERROR(INDEX('Cadastro Pessoas'!$F$5:$F$104,MATCH(A7,'Cadastro Pessoas'!$A$5:$A$104,0)),0) -> 0 | K7: =SUMIFS(tblRegistros[Valor],tblRegistros[ID],A7,tblRegistros[Mês],$B$4,tblRegistros[Status],"CONCLUÍDO") -> 1321.3456 | L7: 0 | M7: =K7+L7 -> 1321.3456 | N7: =COUNTIFS(tblRegistros[ID],A7,tblRegistros[Mês],$B$4,tblRegistros[Status],"EM ABERTO") -> 0
A8: 1002 | B8: Alex de Almeida Mariano | C8: Hora | D8: =SUMIFS(tblRegistros[Horas],tblRegistros[ID],A8,tblRegistros[Tipo de dia],"DIA ÚTIL",tblRegistros[Mês],$B$4,tblRegistros[Status],"CONCLUÍDO") -> 37.779444 | E8: =SUMIFS(tblRegistros[Horas],tblRegistros[ID],A8,tblRegistros[Tipo de dia],"FDS/FERIADO",tblRegistros[Mês],$B$4,tblRegistros[Status],"CONCLUÍDO") -> 0 | F8: =D8+E8 -> 37.779444 | G8: =SUMIFS(tblRegistros[1º do dia],tblRegistros[ID],A8,tblRegistros[Mês],$B$4,tblRegistros[Status],"CONCLUÍDO") -> 4 | H8: =IFERROR(INDEX('Cadastro Pessoas'!$D$5:$D$104,MATCH(A8,'Cadastro Pessoas'!$A$5:$A$104,0)),0) -> 23.5 | I8: =IFERROR(INDEX('Cadastro Pessoas'!$E$5:$E$104,MATCH(A8,'Cadastro Pessoas'!$A$5:$A$104,0)),0) -> 23.5 | J8: =IFERROR(INDEX('Cadastro Pessoas'!$F$5:$F$104,MATCH(A8,'Cadastro Pessoas'!$A$5:$A$104,0)),0) -> 0 | K8: =SUMIFS(tblRegistros[Valor],tblRegistros[ID],A8,tblRegistros[Mês],$B$4,tblRegistros[Status],"CONCLUÍDO") -> 887.81694 | L8: 0 | M8: =K8+L8 -> 887.81694 | N8: =COUNTIFS(tblRegistros[ID],A8,tblRegistros[Mês],$B$4,tblRegistros[Status],"EM ABERTO") -> 0
A9: 1003 | B9: Amanda do Carmo Ribeiro | C9: Hora | D9: =SUMIFS(tblRegistros[Horas],tblRegistros[ID],A9,tblRegistros[Tipo de dia],"DIA ÚTIL",tblRegistros[Mês],$B$4,tblRegistros[Status],"CONCLUÍDO") -> 31.022222 | E9: =SUMIFS(tblRegistros[Horas],tblRegistros[ID],A9,tblRegistros[Tipo de dia],"FDS/FERIADO",tblRegistros[Mês],$B$4,tblRegistros[Status],"CONCLUÍDO") -> 0 | F9: =D9+E9 -> 31.022222 | G9: =SUMIFS(tblRegistros[1º do dia],tblRegistros[ID],A9,tblRegistros[Mês],$B$4,tblRegistros[Status],"CONCLUÍDO") -> 4 | H9: =IFERROR(INDEX('Cadastro Pessoas'!$D$5:$D$104,MATCH(A9,'Cadastro Pessoas'!$A$5:$A$104,0)),0) -> 23.5 | I9: =IFERROR(INDEX('Cadastro Pessoas'!$E$5:$E$104,MATCH(A9,'Cadastro Pessoas'!$A$5:$A$104,0)),0) -> 23.5 | J9: =IFERROR(INDEX('Cadastro Pessoas'!$F$5:$F$104,MATCH(A9,'Cadastro Pessoas'!$A$5:$A$104,0)),0) -> 0 | K9: =SUMIFS(tblRegistros[Valor],tblRegistros[ID],A9,tblRegistros[Mês],$B$4,tblRegistros[Status],"CONCLUÍDO") -> 729.02222 | L9: 0 | M9: =K9+L9 -> 729.02222 | N9: =COUNTIFS(tblRegistros[ID],A9,tblRegistros[Mês],$B$4,tblRegistros[Status],"EM ABERTO") -> 0
A10: 1004 | B10: Angela Bertoli | C10: Hora | D10: =SUMIFS(tblRegistros[Horas],tblRegistros[ID],A10,tblRegistros[Tipo de dia],"DIA ÚTIL",tblRegistros[Mês],$B$4,tblRegistros[Status],"CONCLUÍDO") -> 10.766389 | E10: =SUMIFS(tblRegistros[Horas],tblRegistros[ID],A10,tblRegistros[Tipo de dia],"FDS/FERIADO",tblRegistros[Mês],$B$4,tblRegistros[Status],"CONCLUÍDO") -> 5.1861111 | F10: =D10+E10 -> 15.9525 | G10: =SUMIFS(tblRegistros[1º do dia],tblRegistros[ID],A10,tblRegistros[Mês],$B$4,tblRegistros[Status],"CONCLUÍDO") -> 3 | H10: =IFERROR(INDEX('Cadastro Pessoas'!$D$5:$D$104,MATCH(A10,'Cadastro Pessoas'!$A$5:$A$104,0)),0) -> 21.5 | I10: =IFERROR(INDEX('Cadastro Pessoas'!$E$5:$E$104,MATCH(A10,'Cadastro Pessoas'!$A$5:$A$104,0)),0) -> 20 | J10: =IFERROR(INDEX('Cadastro Pessoas'!$F$5:$F$104,MATCH(A10,'Cadastro Pessoas'!$A$5:$A$104,0)),0) -> 0 | K10: =SUMIFS(tblRegistros[Valor],tblRegistros[ID],A10,tblRegistros[Mês],$B$4,tblRegistros[Status],"CONCLUÍDO") -> 335.19958 | L10: 0 | M10: =K10+L10 -> 335.19958 | N10: =COUNTIFS(tblRegistros[ID],A10,tblRegistros[Mês],$B$4,tblRegistros[Status],"EM ABERTO") -> 0
A11: 1005 | B11: Carolina Fantini Vidigal Diniz Dias | C11: Hora | D11: =SUMIFS(tblRegistros[Horas],tblRegistros[ID],A11,tblRegistros[Tipo de dia],"DIA ÚTIL",tblRegistros[Mês],$B$4,tblRegistros[Status],"CONCLUÍDO") -> 0 | E11: =SUMIFS(tblRegistros[Horas],tblRegistros[ID],A11,tblRegistros[Tipo de dia],"FDS/FERIADO",tblRegistros[Mês],$B$4,tblRegistros[Status],"CONCLUÍDO") -> 0 | F11: =D11+E11 -> 0 | G11: =SUMIFS(tblRegistros[1º do dia],tblRegistros[ID],A11,tblRegistros[Mês],$B$4,tblRegistros[Status],"CONCLUÍDO") -> 0 | H11: =IFERROR(INDEX('Cadastro Pessoas'!$D$5:$D$104,MATCH(A11,'Cadastro Pessoas'!$A$5:$A$104,0)),0) -> 13 | I11: =IFERROR(INDEX('Cadastro Pessoas'!$E$5:$E$104,MATCH(A11,'Cadastro Pessoas'!$A$5:$A$104,0)),0) -> 16.5 | J11: =IFERROR(INDEX('Cadastro Pessoas'!$F$5:$F$104,MATCH(A11,'Cadastro Pessoas'!$A$5:$A$104,0)),0) -> 0 | K11: =SUMIFS(tblRegistros[Valor],tblRegistros[ID],A11,tblRegistros[Mês],$B$4,tblRegistros[Status],"CONCLUÍDO") -> 0 | L11: 0 | M11: =K11+L11 -> 0 | N11: =COUNTIFS(tblRegistros[ID],A11,tblRegistros[Mês],$B$4,tblRegistros[Status],"EM ABERTO") -> 0
A12: 1006 | B12: Eliane dos Santos Oliveira | C12: Hora | D12: =SUMIFS(tblRegistros[Horas],tblRegistros[ID],A12,tblRegistros[Tipo de dia],"DIA ÚTIL",tblRegistros[Mês],$B$4,tblRegistros[Status],"CONCLUÍDO") -> 45.0325 | E12: =SUMIFS(tblRegistros[Horas],tblRegistros[ID],A12,tblRegistros[Tipo de dia],"FDS/FERIADO",tblRegistros[Mês],$B$4,tblRegistros[Status],"CONCLUÍDO") -> 15.579722 | F12: =D12+E12 -> 60.612222 | G12: =SUMIFS(tblRegistros[1º do dia],tblRegistros[ID],A12,tblRegistros[Mês],$B$4,tblRegistros[Status],"CONCLUÍDO") -> 6 | H12: =IFERROR(INDEX('Cadastro Pessoas'!$D$5:$D$104,MATCH(A12,'Cadastro Pessoas'!$A$5:$A$104,0)),0) -> 14 | I12: =IFERROR(INDEX('Cadastro Pessoas'!$E$5:$E$104,MATCH(A12,'Cadastro Pessoas'!$A$5:$A$104,0)),0) -> 17 | J12: =IFERROR(INDEX('Cadastro Pessoas'!$F$5:$F$104,MATCH(A12,'Cadastro Pessoas'!$A$5:$A$104,0)),0) -> 0 | K12: =SUMIFS(tblRegistros[Valor],tblRegistros[ID],A12,tblRegistros[Mês],$B$4,tblRegistros[Status],"CONCLUÍDO") -> 895.31028 | L12: 0 | M12: =K12+L12 -> 895.31028 | N12: =COUNTIFS(tblRegistros[ID],A12,tblRegistros[Mês],$B$4,tblRegistros[Status],"EM ABERTO") -> 0
A13: 1007 | B13: Fernanda Lopes | C13: Hora | D13: =SUMIFS(tblRegistros[Horas],tblRegistros[ID],A13,tblRegistros[Tipo de dia],"DIA ÚTIL",tblRegistros[Mês],$B$4,tblRegistros[Status],"CONCLUÍDO") -> 0 | E13: =SUMIFS(tblRegistros[Horas],tblRegistros[ID],A13,tblRegistros[Tipo de dia],"FDS/FERIADO",tblRegistros[Mês],$B$4,tblRegistros[Status],"CONCLUÍDO") -> 0 | F13: =D13+E13 -> 0 | G13: =SUMIFS(tblRegistros[1º do dia],tblRegistros[ID],A13,tblRegistros[Mês],$B$4,tblRegistros[Status],"CONCLUÍDO") -> 0 | H13: =IFERROR(INDEX('Cadastro Pessoas'!$D$5:$D$104,MATCH(A13,'Cadastro Pessoas'!$A$5:$A$104,0)),0) -> 23.5 | I13: =IFERROR(INDEX('Cadastro Pessoas'!$E$5:$E$104,MATCH(A13,'Cadastro Pessoas'!$A$5:$A$104,0)),0) -> 23.5 | J13: =IFERROR(INDEX('Cadastro Pessoas'!$F$5:$F$104,MATCH(A13,'Cadastro Pessoas'!$A$5:$A$104,0)),0) -> 0 | K13: =SUMIFS(tblRegistros[Valor],tblRegistros[ID],A13,tblRegistros[Mês],$B$4,tblRegistros[Status],"CONCLUÍDO") -> 0 | L13: 0 | M13: =K13+L13 -> 0 | N13: =COUNTIFS(tblRegistros[ID],A13,tblRegistros[Mês],$B$4,tblRegistros[Status],"EM ABERTO") -> 0
A14: 1008 | B14: Flávia Reis | C14: Hora | D14: =SUMIFS(tblRegistros[Horas],tblRegistros[ID],A14,tblRegistros[Tipo de dia],"DIA ÚTIL",tblRegistros[Mês],$B$4,tblRegistros[Status],"CONCLUÍDO") -> 0 | E14: =SUMIFS(tblRegistros[Horas],tblRegistros[ID],A14,tblRegistros[Tipo de dia],"FDS/FERIADO",tblRegistros[Mês],$B$4,tblRegistros[Status],"CONCLUÍDO") -> 0 | F14: =D14+E14 -> 0 | G14: =SUMIFS(tblRegistros[1º do dia],tblRegistros[ID],A14,tblRegistros[Mês],$B$4,tblRegistros[Status],"CONCLUÍDO") -> 0 | H14: =IFERROR(INDEX('Cadastro Pessoas'!$D$5:$D$104,MATCH(A14,'Cadastro Pessoas'!$A$5:$A$104,0)),0) -> 14 | I14: =IFERROR(INDEX('Cadastro Pessoas'!$E$5:$E$104,MATCH(A14,'Cadastro Pessoas'!$A$5:$A$104,0)),0) -> 17 | J14: =IFERROR(INDEX('Cadastro Pessoas'!$F$5:$F$104,MATCH(A14,'Cadastro Pessoas'!$A$5:$A$104,0)),0) -> 0 | K14: =SUMIFS(tblRegistros[Valor],tblRegistros[ID],A14,tblRegistros[Mês],$B$4,tblRegistros[Status],"CONCLUÍDO") -> 0 | L14: 0 | M14: =K14+L14 -> 0 | N14: =COUNTIFS(tblRegistros[ID],A14,tblRegistros[Mês],$B$4,tblRegistros[Status],"EM ABERTO") -> 0
A15: 1009 | B15: Junia Maria Santos | C15: Hora | D15: =SUMIFS(tblRegistros[Horas],tblRegistros[ID],A15,tblRegistros[Tipo de dia],"DIA ÚTIL",tblRegistros[Mês],$B$4,tblRegistros[Status],"CONCLUÍDO") -> 0 | E15: =SUMIFS(tblRegistros[Horas],tblRegistros[ID],A15,tblRegistros[Tipo de dia],"FDS/FERIADO",tblRegistros[Mês],$B$4,tblRegistros[Status],"CONCLUÍDO") -> 0 | F15: =D15+E15 -> 0 | G15: =SUMIFS(tblRegistros[1º do dia],tblRegistros[ID],A15,tblRegistros[Mês],$B$4,tblRegistros[Status],"CONCLUÍDO") -> 0 | H15: =IFERROR(INDEX('Cadastro Pessoas'!$D$5:$D$104,MATCH(A15,'Cadastro Pessoas'!$A$5:$A$104,0)),0) -> 14 | I15: =IFERROR(INDEX('Cadastro Pessoas'!$E$5:$E$104,MATCH(A15,'Cadastro Pessoas'!$A$5:$A$104,0)),0) -> 17 | J15: =IFERROR(INDEX('Cadastro Pessoas'!$F$5:$F$104,MATCH(A15,'Cadastro Pessoas'!$A$5:$A$104,0)),0) -> 0 | K15: =SUMIFS(tblRegistros[Valor],tblRegistros[ID],A15,tblRegistros[Mês],$B$4,tblRegistros[Status],"CONCLUÍDO") -> 0 | L15: 0 | M15: =K15+L15 -> 0 | N15: =COUNTIFS(tblRegistros[ID],A15,tblRegistros[Mês],$B$4,tblRegistros[Status],"EM ABERTO") -> 0
A16: 1010 | B16: Nataly Tayê | C16: Hora | D16: =SUMIFS(tblRegistros[Horas],tblRegistros[ID],A16,tblRegistros[Tipo de dia],"DIA ÚTIL",tblRegistros[Mês],$B$4,tblRegistros[Status],"CONCLUÍDO") -> 0 | E16: =SUMIFS(tblRegistros[Horas],tblRegistros[ID],A16,tblRegistros[Tipo de dia],"FDS/FERIADO",tblRegistros[Mês],$B$4,tblRegistros[Status],"CONCLUÍDO") -> 0 | F16: =D16+E16 -> 0 | G16: =SUMIFS(tblRegistros[1º do dia],tblRegistros[ID],A16,tblRegistros[Mês],$B$4,tblRegistros[Status],"CONCLUÍDO") -> 0 | H16: =IFERROR(INDEX('Cadastro Pessoas'!$D$5:$D$104,MATCH(A16,'Cadastro Pessoas'!$A$5:$A$104,0)),0) -> 14 | I16: =IFERROR(INDEX('Cadastro Pessoas'!$E$5:$E$104,MATCH(A16,'Cadastro Pessoas'!$A$5:$A$104,0)),0) -> 17 | J16: =IFERROR(INDEX('Cadastro Pessoas'!$F$5:$F$104,MATCH(A16,'Cadastro Pessoas'!$A$5:$A$104,0)),0) -> 0 | K16: =SUMIFS(tblRegistros[Valor],tblRegistros[ID],A16,tblRegistros[Mês],$B$4,tblRegistros[Status],"CONCLUÍDO") -> 0 | L16: 0 | M16: =K16+L16 -> 0 | N16: =COUNTIFS(tblRegistros[ID],A16,tblRegistros[Mês],$B$4,tblRegistros[Status],"EM ABERTO") -> 0
A17: 1011 | B17: Nathalia Arruda | C17: Hora | D17: =SUMIFS(tblRegistros[Horas],tblRegistros[ID],A17,tblRegistros[Tipo de dia],"DIA ÚTIL",tblRegistros[Mês],$B$4,tblRegistros[Status],"CONCLUÍDO") -> 186.84194 | E17: =SUMIFS(tblRegistros[Horas],tblRegistros[ID],A17,tblRegistros[Tipo de dia],"FDS/FERIADO",tblRegistros[Mês],$B$4,tblRegistros[Status],"CONCLUÍDO") -> 0 | F17: =D17+E17 -> 186.84194 | G17: =SUMIFS(tblRegistros[1º do dia],tblRegistros[ID],A17,tblRegistros[Mês],$B$4,tblRegistros[Status],"CONCLUÍDO") -> 2 | H17: =IFERROR(INDEX('Cadastro Pessoas'!$D$5:$D$104,MATCH(A17,'Cadastro Pessoas'!$A$5:$A$104,0)),0) -> 23.5 | I17: =IFERROR(INDEX('Cadastro Pessoas'!$E$5:$E$104,MATCH(A17,'Cadastro Pessoas'!$A$5:$A$104,0)),0) -> 23.5 | J17: =IFERROR(INDEX('Cadastro Pessoas'!$F$5:$F$104,MATCH(A17,'Cadastro Pessoas'!$A$5:$A$104,0)),0) -> 0 | K17: =SUMIFS(tblRegistros[Valor],tblRegistros[ID],A17,tblRegistros[Mês],$B$4,tblRegistros[Status],"CONCLUÍDO") -> 4390.7857 | L17: 0 | M17: =K17+L17 -> 4390.7857 | N17: =COUNTIFS(tblRegistros[ID],A17,tblRegistros[Mês],$B$4,tblRegistros[Status],"EM ABERTO") -> 0
A18: 1012 | B18: Nelma Lucia dos S. B. Brandão | C18: Diária | D18: =SUMIFS(tblRegistros[Horas],tblRegistros[ID],A18,tblRegistros[Tipo de dia],"DIA ÚTIL",tblRegistros[Mês],$B$4,tblRegistros[Status],"CONCLUÍDO") -> 9.8125 | E18: =SUMIFS(tblRegistros[Horas],tblRegistros[ID],A18,tblRegistros[Tipo de dia],"FDS/FERIADO",tblRegistros[Mês],$B$4,tblRegistros[Status],"CONCLUÍDO") -> 0 | F18: =D18+E18 -> 9.8125 | G18: =SUMIFS(tblRegistros[1º do dia],tblRegistros[ID],A18,tblRegistros[Mês],$B$4,tblRegistros[Status],"CONCLUÍDO") -> 2 | H18: =IFERROR(INDEX('Cadastro Pessoas'!$D$5:$D$104,MATCH(A18,'Cadastro Pessoas'!$A$5:$A$104,0)),0) -> 0 | I18: =IFERROR(INDEX('Cadastro Pessoas'!$E$5:$E$104,MATCH(A18,'Cadastro Pessoas'!$A$5:$A$104,0)),0) -> 0 | J18: =IFERROR(INDEX('Cadastro Pessoas'!$F$5:$F$104,MATCH(A18,'Cadastro Pessoas'!$A$5:$A$104,0)),0) -> 222.72 | K18: =SUMIFS(tblRegistros[Valor],tblRegistros[ID],A18,tblRegistros[Mês],$B$4,tblRegistros[Status],"CONCLUÍDO") -> 445.44 | L18: 0 | M18: =K18+L18 -> 445.44 | N18: =COUNTIFS(tblRegistros[ID],A18,tblRegistros[Mês],$B$4,tblRegistros[Status],"EM ABERTO") -> 1
... A20: 1014 | B20: Robert Filipe Orlando de Souza | C20: Hora | D20: =SUMIFS(tblRegistros[Horas],tblRegistros[ID],A20,tblRegistros[Tipo de dia],"DIA ÚTIL",tblRegistros[Mês],$B$4,tblRegistros[Status],"CONCLUÍDO") -> 27.990833 | E20: =SUMIFS(tblRegistros[Horas],tblRegistros[ID],A20,tblRegistros[Tipo de dia],"FDS/FERIADO",tblRegistros[Mês],$B$4,tblRegistros[Status],"CONCLUÍDO") -> 0 | F20: =D20+E20 -> 27.990833 | G20: =SUMIFS(tblRegistros[1º do dia],tblRegistros[ID],A20,tblRegistros[Mês],$B$4,tblRegistros[Status],"CONCLUÍDO") -> 4 | H20: =IFERROR(INDEX('Cadastro Pessoas'!$D$5:$D$104,MATCH(A20,'Cadastro Pessoas'!$A$5:$A$104,0)),0) -> 21.5 | I20: =IFERROR(INDEX('Cadastro Pessoas'!$E$5:$E$104,MATCH(A20,'Cadastro Pessoas'!$A$5:$A$104,0)),0) -> 21.5 | J20: =IFERROR(INDEX('Cadastro Pessoas'!$F$5:$F$104,MATCH(A20,'Cadastro Pessoas'!$A$5:$A$104,0)),0) -> 0 | K20: =SUMIFS(tblRegistros[Valor],tblRegistros[ID],A20,tblRegistros[Mês],$B$4,tblRegistros[Status],"CONCLUÍDO") -> 601.80292 | L20: 0 | M20: =K20+L20 -> 601.80292 | N20: =COUNTIFS(tblRegistros[ID],A20,tblRegistros[Mês],$B$4,tblRegistros[Status],"EM ABERTO") -> 0
A21: 1015 | B21: Vitor Guilherme Miguel Rocha | C21: Hora | D21: =SUMIFS(Registros!$K$5:$K$30237,Registros!$E$5:$E$30237,A21,Registros!$D$5:$D$30237,"DIA ÚTIL",Registros!$S$5:$S$30237,$B$4,Registros!$Q$5:$Q$30237,"CONCLUÍDO") -> 32.846667 | E21: =SUMIFS(Registros!$K$5:$K$30237,Registros!$E$5:$E$30237,A21,Registros!$D$5:$D$30237,"FDS/FERIADO",Registros!$S$5:$S$30237,$B$4,Registros!$Q$5:$Q$30237,"CONCLUÍDO") -> 0 | F21: =D21+E21 -> 32.846667 | G21: =SUMIFS(Registros!$R$5:$R$30237,Registros!$E$5:$E$30237,A21,Registros!$S$5:$S$30237,$B$4,Registros!$Q$5:$Q$30237,"CONCLUÍDO") -> 5 | H21: 21.5 | I21: 21.5 | J21: 0 | K21: =SUMIFS(Registros!$P$5:$P$30237,Registros!$E$5:$E$30237,A21,Registros!$S$5:$S$30237,$B$4,Registros!$Q$5:$Q$30237,"CONCLUÍDO") -> 706.20333 | L21: 0 | M21: =K21+L21 -> 706.20333 | N21: =COUNTIFS(Registros!$E$5:$E$30237,A21,Registros!$S$5:$S$30237,$B$4,Registros!$Q$5:$Q$30237,"EM ABERTO") -> 0
A22: 1016 | B22: Ana Luisa Nardin | C22: Hora | D22: =SUMIFS(Registros!$K$5:$K$30229,Registros!$E$5:$E$30229,A22,Registros!$D$5:$D$30229,"DIA ÚTIL",Registros!$S$5:$S$30229,$B$4,Registros!$Q$5:$Q$30229,"CONCLUÍDO") -> 110.63556 | E22: =SUMIFS(Registros!$K$5:$K$30229,Registros!$E$5:$E$30229,A22,Registros!$D$5:$D$30229,"FDS/FERIADO",Registros!$S$5:$S$30229,$B$4,Registros!$Q$5:$Q$30229,"CONCLUÍDO") -> 0 | F22: =D22+E22 -> 110.63556 | G22: =SUMIFS(Registros!$R$5:$R$30229,Registros!$E$5:$E$30229,A22,Registros!$S$5:$S$30229,$B$4,Registros!$Q$5:$Q$30229,"CONCLUÍDO") -> 4 | H22: 23.5 | I22: 23.5 | J22: 0 | K22: =SUMIFS(Registros!$P$5:$P$30229,Registros!$E$5:$E$30229,A22,Registros!$S$5:$S$30229,$B$4,Registros!$Q$5:$Q$30229,"CONCLUÍDO") -> 2599.9356 | L22: 0 | M22: =K22+L22 -> 2599.9356 | N22: =COUNTIFS(Registros!$E$5:$E$30229,A22,Registros!$S$5:$S$30229,$B$4,Registros!$Q$5:$Q$30229,"EM ABERTO") -> 0
A23: 1017 | B23: Renato Inácio da Silva | C23: Hora | D23: =SUMIFS(Registros!$K$5:$K$30065,Registros!$E$5:$E$30065,A23,Registros!$D$5:$D$30065,"DIA ÚTIL",Registros!$S$5:$S$30065,$B$4,Registros!$Q$5:$Q$30065,"CONCLUÍDO") -> 0 | E23: =SUMIFS(Registros!$K$5:$K$30065,Registros!$E$5:$E$30065,A23,Registros!$D$5:$D$30065,"FDS/FERIADO",Registros!$S$5:$S$30065,$B$4,Registros!$Q$5:$Q$30065,"CONCLUÍDO") -> 0 | F23: =D23+E23 -> 0 | G23: =SUMIFS(Registros!$R$5:$R$30065,Registros!$E$5:$E$30065,A23,Registros!$S$5:$S$30065,$B$4,Registros!$Q$5:$Q$30065,"CONCLUÍDO") -> 0 | H23: 14 | I23: 17 | J23: 0 | K23: =SUMIFS(Registros!$P$5:$P$30065,Registros!$E$5:$E$30065,A23,Registros!$S$5:$S$30065,$B$4,Registros!$Q$5:$Q$30065,"CONCLUÍDO") -> 0 | L23: 0 | M23: =K23+L23 -> 0 | N23: =COUNTIFS(Registros!$E$5:$E$30065,A23,Registros!$S$5:$S$30065,$B$4,Registros!$Q$5:$Q$30065,"EM ABERTO") -> 0
A107: TOTAL GERAL | M107: =SUM(M7:M106) -> 12912.862

Sheet Custo por Projeto
A1: CUSTO MENSAL POR PROJETO
A2: Horas, pessoas e custos consolidados a partir dos nomes padronizados.
A4: Mês de apuração | B4: 2026-08
A6: Código | B6: Projeto | C6: Horas úteis | D6: Horas FDS | E6: Horas totais | F6: Registros | G6: Pessoas | H6: Custo total
A7: PRJ-001 | B7: BANCO CENTRAL | C7: =SUMIFS(tblRegistros[Horas],tblRegistros[Projeto],B7,tblRegistros[Tipo de dia],"DIA ÚTIL",tblRegistros[Mês],$B$4,tblRegistros[Status],"CONCLUÍDO") -> 0 | D7: =SUMIFS(tblRegistros[Horas],tblRegistros[Projeto],B7,tblRegistros[Tipo de dia],"FDS/FERIADO",tblRegistros[Mês],$B$4,tblRegistros[Status],"CONCLUÍDO") -> 0 | E7: =C7+D7 -> 0 | F7: =COUNTIFS(tblRegistros[Projeto],B7,tblRegistros[Mês],$B$4,tblRegistros[Status],"CONCLUÍDO") -> 0 | G7: =IF(F7=0,0,IFERROR(ROWS(_xlfn.UNIQUE(_xlfn._xlws.FILTER(tblRegistros[ID],(tblRegistros[Projeto]=B7)*(tblRegistros[Mês]=$B$4)*(tblRegistros[Status]="CONCLUÍDO")))),0)) -> 0 | H7: =SUMIFS(tblRegistros[Valor],tblRegistros[Projeto],B7,tblRegistros[Mês],$B$4,tblRegistros[Status],"CONCLUÍDO") -> 0
A8: PRJ-002 | B8: CFI / ACCION | C8: =SUMIFS(tblRegistros[Horas],tblRegistros[Projeto],B8,tblRegistros[Tipo de dia],"DIA ÚTIL",tblRegistros[Mês],$B$4,tblRegistros[Status],"CONCLUÍDO") -> 148.415 | D8: =SUMIFS(tblRegistros[Horas],tblRegistros[Projeto],B8,tblRegistros[Tipo de dia],"FDS/FERIADO",tblRegistros[Mês],$B$4,tblRegistros[Status],"CONCLUÍDO") -> 0 | E8: =C8+D8 -> 148.415 | F8: =COUNTIFS(tblRegistros[Projeto],B8,tblRegistros[Mês],$B$4,tblRegistros[Status],"CONCLUÍDO") -> 8 | G8: =IF(F8=0,0,IFERROR(ROWS(_xlfn.UNIQUE(_xlfn._xlws.FILTER(tblRegistros[ID],(tblRegistros[Projeto]=B8)*(tblRegistros[Mês]=$B$4)*(tblRegistros[Status]="CONCLUÍDO")))),0)) -> 2 | H8: =SUMIFS(tblRegistros[Valor],tblRegistros[Projeto],B8,tblRegistros[Mês],$B$4,tblRegistros[Status],"CONCLUÍDO") -> 3487.7525
A9: PRJ-003 | B9: SICOOB CREDICOM | C9: =SUMIFS(tblRegistros[Horas],tblRegistros[Projeto],B9,tblRegistros[Tipo de dia],"DIA ÚTIL",tblRegistros[Mês],$B$4,tblRegistros[Status],"CONCLUÍDO") -> 25.981944 | D9: =SUMIFS(tblRegistros[Horas],tblRegistros[Projeto],B9,tblRegistros[Tipo de dia],"FDS/FERIADO",tblRegistros[Mês],$B$4,tblRegistros[Status],"CONCLUÍDO") -> 44.792778 | E9: =C9+D9 -> 70.774722 | F9: =COUNTIFS(tblRegistros[Projeto],B9,tblRegistros[Mês],$B$4,tblRegistros[Status],"CONCLUÍDO") -> 15 | G9: =IF(F9=0,0,IFERROR(ROWS(_xlfn.UNIQUE(_xlfn._xlws.FILTER(tblRegistros[ID],(tblRegistros[Projeto]=B9)*(tblRegistros[Mês]=$B$4)*(tblRegistros[Status]="CONCLUÍDO")))),0)) -> 4 | H9: =SUMIFS(tblRegistros[Valor],tblRegistros[Projeto],B9,tblRegistros[Mês],$B$4,tblRegistros[Status],"CONCLUÍDO") -> 1819.3732
A10: PRJ-004 | B10: O TEMPO | C10: =SUMIFS(tblRegistros[Horas],tblRegistros[Projeto],B10,tblRegistros[Tipo de dia],"DIA ÚTIL",tblRegistros[Mês],$B$4,tblRegistros[Status],"CONCLUÍDO") -> 0 | D10: =SUMIFS(tblRegistros[Horas],tblRegistros[Projeto],B10,tblRegistros[Tipo de dia],"FDS/FERIADO",tblRegistros[Mês],$B$4,tblRegistros[Status],"CONCLUÍDO") -> 0 | E10: =C10+D10 -> 0 | F10: =COUNTIFS(tblRegistros[Projeto],B10,tblRegistros[Mês],$B$4,tblRegistros[Status],"CONCLUÍDO") -> 0 | G10: =IF(F10=0,0,IFERROR(ROWS(_xlfn.UNIQUE(_xlfn._xlws.FILTER(tblRegistros[ID],(tblRegistros[Projeto]=B10)*(tblRegistros[Mês]=$B$4)*(tblRegistros[Status]="CONCLUÍDO")))),0)) -> 0 | H10: =SUMIFS(tblRegistros[Valor],tblRegistros[Projeto],B10,tblRegistros[Mês],$B$4,tblRegistros[Status],"CONCLUÍDO") -> 0
A11: PRJ-005 | B11: ELEITORAL MG 2026 | C11: =SUMIFS(tblRegistros[Horas],tblRegistros[Projeto],B11,tblRegistros[Tipo de dia],"DIA ÚTIL",tblRegistros[Mês],$B$4,tblRegistros[Status],"CONCLUÍDO") -> 0 | D11: =SUMIFS(tblRegistros[Horas],tblRegistros[Projeto],B11,tblRegistros[Tipo de dia],"FDS/FERIADO",tblRegistros[Mês],$B$4,tblRegistros[Status],"CONCLUÍDO") -> 0 | E11: =C11+D11 -> 0 | F11: =COUNTIFS(tblRegistros[Projeto],B11,tblRegistros[Mês],$B$4,tblRegistros[Status],"CONCLUÍDO") -> 0 | G11: =IF(F11=0,0,IFERROR(ROWS(_xlfn.UNIQUE(_xlfn._xlws.FILTER(tblRegistros[ID],(tblRegistros[Projeto]=B11)*(tblRegistros[Mês]=$B$4)*(tblRegistros[Status]="CONCLUÍDO")))),0)) -> 0 | H11: =SUMIFS(tblRegistros[Valor],tblRegistros[Projeto],B11,tblRegistros[Mês],$B$4,tblRegistros[Status],"CONCLUÍDO") -> 0
A12: PRJ-006 | B12: CNI | C12: =SUMIFS(tblRegistros[Horas],tblRegistros[Projeto],B12,tblRegistros[Tipo de dia],"DIA ÚTIL",tblRegistros[Mês],$B$4,tblRegistros[Status],"CONCLUÍDO") -> 0 | D12: =SUMIFS(tblRegistros[Horas],tblRegistros[Projeto],B12,tblRegistros[Tipo de dia],"FDS/FERIADO",tblRegistros[Mês],$B$4,tblRegistros[Status],"CONCLUÍDO") -> 0 | E12: =C12+D12 -> 0 | F12: =COUNTIFS(tblRegistros[Projeto],B12,tblRegistros[Mês],$B$4,tblRegistros[Status],"CONCLUÍDO") -> 0 | G12: =IF(F12=0,0,IFERROR(ROWS(_xlfn.UNIQUE(_xlfn._xlws.FILTER(tblRegistros[ID],(tblRegistros[Projeto]=B12)*(tblRegistros[Mês]=$B$4)*(tblRegistros[Status]="CONCLUÍDO")))),0)) -> 0 | H12: =SUMIFS(tblRegistros[Valor],tblRegistros[Projeto],B12,tblRegistros[Mês],$B$4,tblRegistros[Status],"CONCLUÍDO") -> 0
A13: PRJ-007 | B13: TOOLKIT | C13: =SUMIFS(tblRegistros[Horas],tblRegistros[Projeto],B13,tblRegistros[Tipo de dia],"DIA ÚTIL",tblRegistros[Mês],$B$4,tblRegistros[Status],"CONCLUÍDO") -> 64.531944 | D13: =SUMIFS(tblRegistros[Horas],tblRegistros[Projeto],B13,tblRegistros[Tipo de dia],"FDS/FERIADO",tblRegistros[Mês],$B$4,tblRegistros[Status],"CONCLUÍDO") -> 2.8891667 | E13: =C13+D13 -> 67.421111 | F13: =COUNTIFS(tblRegistros[Projeto],B13,tblRegistros[Mês],$B$4,tblRegistros[Status],"CONCLUÍDO") -> 13 | G13: =IF(F13=0,0,IFERROR(ROWS(_xlfn.UNIQUE(_xlfn._xlws.FILTER(tblRegistros[ID],(tblRegistros[Projeto]=B13)*(tblRegistros[Mês]=$B$4)*(tblRegistros[Status]="CONCLUÍDO")))),0)) -> 5 | H13: =SUMIFS(tblRegistros[Valor],tblRegistros[Projeto],B13,tblRegistros[Mês],$B$4,tblRegistros[Status],"CONCLUÍDO") -> 1000.2653
A14: PRJ-008 | B14: BH SHOPPING | C14: =SUMIFS(tblRegistros[Horas],tblRegistros[Projeto],B14,tblRegistros[Tipo de dia],"DIA ÚTIL",tblRegistros[Mês],$B$4,tblRegistros[Status],"CONCLUÍDO") -> 0 | D14: =SUMIFS(tblRegistros[Horas],tblRegistros[Projeto],B14,tblRegistros[Tipo de dia],"FDS/FERIADO",tblRegistros[Mês],$B$4,tblRegistros[Status],"CONCLUÍDO") -> 0 | E14: =C14+D14 -> 0 | F14: =COUNTIFS(tblRegistros[Projeto],B14,tblRegistros[Mês],$B$4,tblRegistros[Status],"CONCLUÍDO") -> 0 | G14: =IF(F14=0,0,IFERROR(ROWS(_xlfn.UNIQUE(_xlfn._xlws.FILTER(tblRegistros[ID],(tblRegistros[Projeto]=B14)*(tblRegistros[Mês]=$B$4)*(tblRegistros[Status]="CONCLUÍDO")))),0)) -> 0 | H14: =SUMIFS(tblRegistros[Valor],tblRegistros[Projeto],B14,tblRegistros[Mês],$B$4,tblRegistros[Status],"CONCLUÍDO") -> 0
A15: PRJ-009 | B15: ADMINISTRATIVO | C15: =SUMIFS(tblRegistros[Horas],tblRegistros[Projeto],B15,tblRegistros[Tipo de dia],"DIA ÚTIL",tblRegistros[Mês],$B$4,tblRegistros[Status],"CONCLUÍDO") -> 32.846667 | D15: =SUMIFS(tblRegistros[Horas],tblRegistros[Projeto],B15,tblRegistros[Tipo de dia],"FDS/FERIADO",tblRegistros[Mês],$B$4,tblRegistros[Status],"CONCLUÍDO") -> 0 | E15: =C15+D15 -> 32.846667 | F15: =COUNTIFS(tblRegistros[Projeto],B15,tblRegistros[Mês],$B$4,tblRegistros[Status],"CONCLUÍDO") -> 10 | G15: =IF(F15=0,0,IFERROR(ROWS(_xlfn.UNIQUE(_xlfn._xlws.FILTER(tblRegistros[ID],(tblRegistros[Projeto]=B15)*(tblRegistros[Mês]=$B$4)*(tblRegistros[Status]="CONCLUÍDO")))),0)) -> 1 | H15: =SUMIFS(tblRegistros[Valor],tblRegistros[Projeto],B15,tblRegistros[Mês],$B$4,tblRegistros[Status],"CONCLUÍDO") -> 706.20333
A16: PRJ-010 | B16: OUTROS | C16: =SUMIFS(tblRegistros[Horas],tblRegistros[Projeto],B16,tblRegistros[Tipo de dia],"DIA ÚTIL",tblRegistros[Mês],$B$4,tblRegistros[Status],"CONCLUÍDO") -> 0 | D16: =SUMIFS(tblRegistros[Horas],tblRegistros[Projeto],B16,tblRegistros[Tipo de dia],"FDS/FERIADO",tblRegistros[Mês],$B$4,tblRegistros[Status],"CONCLUÍDO") -> 0 | E16: =C16+D16 -> 0 | F16: =COUNTIFS(tblRegistros[Projeto],B16,tblRegistros[Mês],$B$4,tblRegistros[Status],"CONCLUÍDO") -> 0 | G16: =IF(F16=0,0,IFERROR(ROWS(_xlfn.UNIQUE(_xlfn._xlws.FILTER(tblRegistros[ID],(tblRegistros[Projeto]=B16)*(tblRegistros[Mês]=$B$4)*(tblRegistros[Status]="CONCLUÍDO")))),0)) -> 0 | H16: =SUMIFS(tblRegistros[Valor],tblRegistros[Projeto],B16,tblRegistros[Mês],$B$4,tblRegistros[Status],"CONCLUÍDO") -> 0
A17: PRJ-005 | B17: ESTADUAL - OTEMPO | C17: =SUMIFS(Registros!$K$5:$K$30236,Registros!$G$5:$G$30236,B17,Registros!$D$5:$D$30236,"DIA ÚTIL",Registros!$S$5:$S$30236,$B$4,Registros!$Q$5:$Q$30236,"CONCLUÍDO") -> 181.45306 | D17: =SUMIFS(Registros!$K$5:$K$30236,Registros!$G$5:$G$30236,B17,Registros!$D$5:$D$30236,"FDS/FERIADO",Registros!$S$5:$S$30236,$B$4,Registros!$Q$5:$Q$30236,"CONCLUÍDO") -> 0 | E17: =C17+D17 -> 181.45306 | F17: =COUNTIFS(Registros!$G$5:$G$30236,B17,Registros!$S$5:$S$30236,$B$4,Registros!$Q$5:$Q$30236,"CONCLUÍDO") -> 3 | G17: {=IF(F17=0,0,IFERROR(ROWS(_xlfn.UNIQUE(_xlfn._xlws.FILTER(Registros!$E$5:$E$30236,(Registros!$G$5:$G$30236=B17)*(Registros!$S$5:$S$30236=$B$4)*(Registros!$Q$5:$Q$30236="CONCLUÍDO")))),0))} -> 2 | H17: =SUMIFS(Registros!$P$5:$P$30236,Registros!$G$5:$G$30236,B17,Registros!$S$5:$S$30236,$B$4,Registros!$Q$5:$Q$30236,"CONCLUÍDO") -> 4264.08
A18: PRJ-004 | B18: OTEMPO | C18: =SUMIFS(Registros!$K$5:$K$30233,Registros!$G$5:$G$30233,B18,Registros!$D$5:$D$30233,"DIA ÚTIL",Registros!$S$5:$S$30233,$B$4,Registros!$Q$5:$Q$30233,"CONCLUÍDO") -> 67.230556 | D18: =SUMIFS(Registros!$K$5:$K$30233,Registros!$G$5:$G$30233,B18,Registros!$D$5:$D$30233,"FDS/FERIADO",Registros!$S$5:$S$30233,$B$4,Registros!$Q$5:$Q$30233,"CONCLUÍDO") -> 15.579722 | E18: =C18+D18 -> 82.810278 | F18: =COUNTIFS(Registros!$G$5:$G$30233,B18,Registros!$S$5:$S$30233,$B$4,Registros!$Q$5:$Q$30233,"CONCLUÍDO") -> 19 | G18: {=IF(F18=0,0,IFERROR(ROWS(_xlfn.UNIQUE(_xlfn._xlws.FILTER(Registros!$E$5:$E$30233,(Registros!$G$5:$G$30233=B18)*(Registros!$S$5:$S$30233=$B$4)*(Registros!$Q$5:$Q$30233="CONCLUÍDO")))),0))} -> 5 | H18: =SUMIFS(Registros!$P$5:$P$30233,Registros!$G$5:$G$30233,B18,Registros!$S$5:$S$30233,$B$4,Registros!$Q$5:$Q$30233,"CONCLUÍDO") -> 1635.1878
A19: PRJ-001 | B19: BC - CONFIANÇA PIX | C19: =SUMIFS(Registros!$K$5:$K$30232,Registros!$G$5:$G$30232,B19,Registros!$D$5:$D$30232,"DIA ÚTIL",Registros!$S$5:$S$30232,$B$4,Registros!$Q$5:$Q$30232,"CONCLUÍDO") -> 0 | D19: =SUMIFS(Registros!$K$5:$K$30232,Registros!$G$5:$G$30232,B19,Registros!$D$5:$D$30232,"FDS/FERIADO",Registros!$S$5:$S$30232,$B$4,Registros!$Q$5:$Q$30232,"CONCLUÍDO") -> 0 | E19: =C19+D19 -> 0 | F19: =COUNTIFS(Registros!$G$5:$G$30232,B19,Registros!$S$5:$S$30232,$B$4,Registros!$Q$5:$Q$30232,"CONCLUÍDO") -> 0 | G19: {=IF(F19=0,0,IFERROR(ROWS(_xlfn.UNIQUE(_xlfn._xlws.FILTER(Registros!$E$5:$E$30232,(Registros!$G$5:$G$30232=B19)*(Registros!$S$5:$S$30232=$B$4)*(Registros!$Q$5:$Q$30232="CONCLUÍDO")))),0))} -> 0 | H19: =SUMIFS(Registros!$P$5:$P$30232,Registros!$G$5:$G$30232,B19,Registros!$S$5:$S$30232,$B$4,Registros!$Q$5:$Q$30232,"CONCLUÍDO") -> 0
A20: PRJ-008 | B20: CAMPANHA | C20: =SUMIFS(Registros!$K$5:$K$30103,Registros!$G$5:$G$30103,B20,Registros!$D$5:$D$30103,"DIA ÚTIL",Registros!$S$5:$S$30103,$B$4,Registros!$Q$5:$Q$30103,"CONCLUÍDO") -> 0 | D20: =SUMIFS(Registros!$K$5:$K$30103,Registros!$G$5:$G$30103,B20,Registros!$D$5:$D$30103,"FDS/FERIADO",Registros!$S$5:$S$30103,$B$4,Registros!$Q$5:$Q$30103,"CONCLUÍDO") -> 0 | E20: =C20+D20 -> 0 | F20: =COUNTIFS(Registros!$G$5:$G$30103,B20,Registros!$S$5:$S$30103,$B$4,Registros!$Q$5:$Q$30103,"CONCLUÍDO") -> 0 | G20: {=IF(F20=0,0,IFERROR(ROWS(_xlfn.UNIQUE(_xlfn._xlws.FILTER(Registros!$E$5:$E$30103,(Registros!$G$5:$G$30103=B20)*(Registros!$S$5:$S$30103=$B$4)*(Registros!$Q$5:$Q$30103="CONCLUÍDO")))),0))} -> 0 | H20: =SUMIFS(Registros!$P$5:$P$30103,Registros!$G$5:$G$30103,B20,Registros!$S$5:$S$30103,$B$4,Registros!$Q$5:$Q$30103,"CONCLUÍDO") -> 0
A21: PRJ-011 | B21: BETIM - TRACKING | C21: =SUMIFS(Registros!$K$5:$K$30084,Registros!$G$5:$G$30084,B21,Registros!$D$5:$D$30084,"DIA ÚTIL",Registros!$S$5:$S$30084,$B$4,Registros!$Q$5:$Q$30084,"CONCLUÍDO") -> 0 | D21: =SUMIFS(Registros!$K$5:$K$30084,Registros!$G$5:$G$30084,B21,Registros!$D$5:$D$30084,"FDS/FERIADO",Registros!$S$5:$S$30084,$B$4,Registros!$Q$5:$Q$30084,"CONCLUÍDO") -> 0 | E21: =C21+D21 -> 0 | F21: =COUNTIFS(Registros!$G$5:$G$30084,B21,Registros!$S$5:$S$30084,$B$4,Registros!$Q$5:$Q$30084,"CONCLUÍDO") -> 0 | G21: {=IF(F21=0,0,IFERROR(ROWS(_xlfn.UNIQUE(_xlfn._xlws.FILTER(Registros!$E$5:$E$30084,(Registros!$G$5:$G$30084=B21)*(Registros!$S$5:$S$30084=$B$4)*(Registros!$Q$5:$Q$30084="CONCLUÍDO")))),0))} -> 0 | H21: =SUMIFS(Registros!$P$5:$P$30084,Registros!$G$5:$G$30084,B21,Registros!$S$5:$S$30084,$B$4,Registros!$Q$5:$Q$30084,"CONCLUÍDO") -> 0
A157: TOTAL | H157: =SUM(H7:H156) -> 12912.862

Sheet Configuração
A1: CONFIGURAÇÃO NO EXCEL DO SHAREPOINT
A2: Faça esta configuração uma única vez. Depois, os usuários utilizarão somente a aba Registrar Ponto.
A4: PASSO A PASSO
A6: 1 | B6: Envie este arquivo para uma biblioteca do SharePoint e abra no Excel para a Web.
A8: 2 | B8: Abra a aba Office Script, copie todas as linhas da coluna A a partir de A2.
A10: 3 | B10: No menu Automatizar, escolha Novo Script, apague o exemplo e cole o código copiado.
A12: 4 | B12: Salve o script com o nome Registrar Ponto DATATEMPO.
A14: 5 | B14: No painel do script, escolha Adicionar botão à planilha e posicione-o sobre o quadro laranja da aba Registrar Ponto.
A16: 6 | B16: Proteja as abas Batidas, Registros e resumos contra edição manual. Deixe os cadastros sob responsabilidade administrativa.
A18: 7 | B18: Compartilhe o arquivo. Cada usuário escolhe seu ID, tipo, projeto e atividade e clica no botão.
A22: IMPORTANTE: o botão precisa ser criado no Excel para a Web porque o script fica armazenado no ambiente Microsoft 365, não dentro do arquivo .xlsx. O arquivo já está preparado para receber o botão.
A26: PRIVACIDADE: após um INÍCIO ou FIM registrado com sucesso, o painel apaga automaticamente ID, tipo, projeto, atividade e observação. Em caso de erro, os campos permanecem para correção.
A30: PLANEJADO PARA 3 ANOS: até 100 pessoas, 150 projetos, 200 atividades e 30.000 jornadas nos resumos. Cadastre sempre dentro das tabelas e mantenha o status ATIVO. A primeira batida da nova pessoa/projeto cria automaticamente a linha correspondente nos resumos.

Sheet Office Script
A1: OFFICE SCRIPT — REGISTRAR PONTO
A2: function main(workbook: ExcelScript.Workbook) {
A3: const painel = workbook.getWorksheet("Registrar Ponto");
A4: const pessoas = workbook.getWorksheet("Cadastro Pessoas").getTable("tblPessoas");
A5: const projetos = workbook.getWorksheet("Cadastro Projetos").getTable("tblProjetos");
A6: const atividades = workbook.getWorksheet("Cadastro Atividades").getTable("tblAtividades");
A7: const batidas = workbook.getWorksheet("Batidas").getTable("tblBatidas");
A8: const registros = workbook.getWorksheet("Registros").getTable("tblRegistros");
A9: const id = String(painel.getRange("C6").getValue()).trim();
A10: const tipo = String(painel.getRange("C10").getValue()).trim().toUpperCase();
A11: const projeto = String(painel.getRange("C12").getValue()).trim();
A12: const atividade = String(painel.getRange("C14").getValue()).trim();
... A107: }
